product_id,customer_id,quantity,total_price,customer_type,hometown,total_spending,is_fraud
366,3395,1,Rs. 150.00,broker,Ampara,150,1
1373,673,1,Rs. 585.00,homeowner,Nugegoda,585,1
1304,9309,1,Rs. 35.00,broker,Kalpitiya,35,1
1352,3685,1,Rs. 285.00,broker,Hikkaduwa,285,1
1096,4914,1,Rs. 150.00,construction_site_owenr,Anuradhapura,150,1
1301,5731,1,Rs. 374.00,broker,Chilaw,374,1
520,5925,1,"Rs. 1,120.00",construction_site_owenr,Jaffna,1120,1
875,1252,1,"Rs. 1,250.00",broker,Ratnapura,1250,1
1263,7730,1,Rs. 240.00,construction_site_owenr,Kalpitiya,240,1
514,8471,1,Rs. 350.00,construction_site_owenr,Tissamaharama,350,1
227,9102,1,Rs. 568.00,construction_site_owenr,Gampola,568,1
959,9102,1,"Rs. 1,250.00",construction_site_owenr,Gampola,1250,1
1337,2262,1,Rs. 210.00,broker,Aluthgama,210,1
1255,1105,1,Rs. 810.00,construction_site_owenr,Anuradhapura,810,1
599,3840,1,"Rs. 1,920.00",broker,Weligama,1920,1
444,7835,1,"Rs. 5,310.00",construction_site_owenr,Monaragala,5310,1
260,4879,1,"Rs. 2,100.00",construction_site_owenr,Bibile,2100,1
242,8174,1,"Rs. 7,082.00",construction_site_owenr,Gampaha,7082,1
1120,6694,1,"Rs. 2,100.00",broker,Panadura,2100,1
126,1526,1,"Rs. 3,740.00",construction_site_owenr,Kurunegala,3740,1
1360,679,1,"Rs. 2,000.00",broker,Bentota,2000,1
26,7093,1,"Rs. 1,040.00",homeowner,Bandarawela,1040,1
324,4950,1,"Rs. 1,116.00",construction_site_owenr,Balangoda,1116,1
1118,6673,1,Rs. 980.00,broker,Monaragala,980,1
769,9934,1,"Rs. 2,590.00",broker,Hatton,2590,1
292,5384,1,Rs. 623.00,broker,Balangoda,623,1
1168,7948,1,"Rs. 2,610.00",homeowner,Polgahawela,2610,1
1006,9237,1,Rs. 29.00,construction_site_owenr,Kaduwela,29,1
600,9335,1,Rs. 695.00,homeowner,Ampara,695,1
333,147,1,Rs. 225.00,broker,Batticaloa,225,1
188,1332,1,Rs. 665.00,broker,Batticaloa,665,1
424,5016,1,"Rs. 2,050.00",broker,Ja-Ela,2050,1
59,188,1,"Rs. 5,625.00",homeowner,Mannar,5625,1
273,5680,1,"Rs. 4,063.00",homeowner,Katunayake,4063,1
553,5680,1,"Rs. 4,600.00",homeowner,Katunayake,4600,1
920,9653,1,Rs. 660.00,construction_site_owenr,Nikaweratiya,660,1
893,6364,1,Rs. 385.00,broker,Mullaitivu,385,1
78,9472,1,"Rs. 1,570.00",broker,Badulla,1570,1
1013,9472,1,Rs. 530.00,broker,Badulla,530,1
368,6358,1,Rs. 345.00,construction_site_owenr,Hikkaduwa,345,1
1359,645,1,"Rs. 1,875.00",construction_site_owenr,Balangoda,1875,1
678,3156,1,Rs. 188.00,construction_site_owenr,Hikkaduwa,188,1
541,4030,1,"Rs. 1,070.00",homeowner,Kadawatha,1070,1
242,7652,1,"Rs. 7,082.00",construction_site_owenr,Maharagama,7082,1
1337,7005,1,Rs. 210.00,broker,Mullaitivu,210,1
445,5160,1,"Rs. 4,000.00",broker,Nikaweratiya,4000,1
823,1548,1,Rs. 585.00,construction_site_owenr,Kalmunai,585,1
834,4410,1,Rs. 15.00,broker,Haputale,15,1
1257,8616,1,"Rs. 1,025.00",construction_site_owenr,Kuliyapitiya,1025,1
845,3331,1,Rs. 15.00,homeowner,Bentota,15,1
715,3989,1,Rs. 95.00,construction_site_owenr,Maharagama,95,1
59,8867,1,"Rs. 5,625.00",construction_site_owenr,Kuliyapitiya,5625,1
567,4343,1,Rs. 610.00,broker,Ginigathhena,610,1
302,1817,1,"Rs. 4,350.00",construction_site_owenr,Maskeliya,4350,1
1218,2540,1,"Rs. 3,528.00",construction_site_owenr,Nikaweratiya,3528,1
1028,2540,1,Rs. 390.00,construction_site_owenr,Nikaweratiya,390,1
324,7992,1,"Rs. 1,116.00",broker,Ratnapura,1116,1
990,6820,1,"Rs. 1,250.00",homeowner,Koggala,1250,1
1383,9372,1,Rs. 360.00,broker,Nugegoda,360,1
592,2246,1,Rs. 790.00,homeowner,Galle,790,1
1023,4884,1,Rs. 15.00,homeowner,Mannar,15,1
1377,6611,1,Rs. 150.00,construction_site_owenr,Seeduwa,150,1
698,3598,1,Rs. 442.00,homeowner,Mullaitivu,442,1
923,2597,1,Rs. 515.00,construction_site_owenr,Tissamaharama,515,1
588,3829,1,"Rs. 3,850.00",broker,Bandarawela,3850,1
430,5155,1,"Rs. 2,660.00",construction_site_owenr,Mullaitivu,2660,1
1308,9413,1,Rs. 60.00,construction_site_owenr,Dehiwala-Mount Lavinia,60,1
930,5778,1,Rs. 120.00,homeowner,Panadura,120,1
116,5770,1,"Rs. 1,730.00",homeowner,Mullaitivu,1730,1
415,6451,1,"Rs. 5,310.00",homeowner,Jaffna,5310,1
608,9555,1,"Rs. 1,470.00",broker,Akkaraipattu,1470,1
1071,7254,1,Rs. 105.00,construction_site_owenr,Bentota,105,1
1134,4778,1,"Rs. 3,450.00",broker,Kurunegala,3450,1
97,7571,1,"Rs. 2,580.00",broker,Vavuniya,2580,1
1400,9547,1,Rs. 265.00,broker,Kegalle,265,1
1070,7901,1,Rs. 195.00,broker,Maharagama,195,1
1133,117,1,"Rs. 2,950.00",broker,Chavakachcheri,2950,1
264,4257,1,"Rs. 22,490.00",broker,Ella,22490,-1
1003,1136,1,Rs. 15.00,homeowner,Chilaw,15,1
1226,4196,1,"Rs. 4,505.00",construction_site_owenr,Kurunegala,4505,1
3,4196,1,"Rs. 1,960.00",construction_site_owenr,Kurunegala,1960,1
7,6534,1,"Rs. 1,960.00",homeowner,Mullaitivu,1960,1
710,331,1,"Rs. 1,785.00",homeowner,Vavuniya,1785,1
525,4868,1,"Rs. 50,250.00",homeowner,Badulla,50250,-1
321,5124,1,"Rs. 1,700.00",homeowner,Kaduwela,1700,1
271,7077,1,"Rs. 15,713.00",construction_site_owenr,Negombo,15713,-1
298,7172,1,"Rs. 3,900.00",construction_site_owenr,Seeduwa,3900,1
1313,2948,1,Rs. 350.00,homeowner,Kilinochchi,350,1
1155,8282,1,"Rs. 14,590.00",construction_site_owenr,Maharagama,14590,-1
1012,1353,1,Rs. 8.00,construction_site_owenr,Point Pedro,8,1
895,8966,1,Rs. 710.00,homeowner,Monaragala,710,1
116,3675,1,"Rs. 1,730.00",broker,Mawanella,1730,1
495,3675,1,"Rs. 3,750.00",broker,Mawanella,3750,1
1175,5639,1,Rs. 380.00,construction_site_owenr,Vavuniya,380,1
985,6247,1,"Rs. 1,250.00",homeowner,Gampola,1250,1
314,6168,1,"Rs. 2,600.00",broker,Mullaitivu,2600,1
919,101,1,Rs. 120.00,broker,Anuradhapura,120,1
335,5423,1,Rs. 489.00,homeowner,Kattankudy,489,1
1043,5489,1,Rs. 10.00,homeowner,Haputale,10,1
1026,9735,1,Rs. 855.00,construction_site_owenr,Ella,855,1
971,956,1,"Rs. 1,250.00",broker,Haputale,1250,1
1372,878,1,Rs. 435.00,homeowner,Gampola,435,1
299,7719,1,"Rs. 2,620.00",construction_site_owenr,Kaduwela,2620,1
1205,1395,1,Rs. 190.00,construction_site_owenr,Matale,190,1
1,7040,1,"Rs. 2,736.00",broker,Kuliyapitiya,2736,1
834,7040,1,Rs. 15.00,broker,Kuliyapitiya,15,1
1068,584,1,Rs. 775.00,construction_site_owenr,Batticaloa,775,1
282,3221,1,Rs. 623.00,homeowner,Nawalapitiya,623,1
639,5067,1,Rs. 400.00,construction_site_owenr,Badulla,400,1
811,4267,1,"Rs. 1,845.00",homeowner,Weligama,1845,1
777,8677,1,"Rs. 2,315.00",homeowner,Ella,2315,1
1004,5598,1,Rs. 56.00,broker,Kalutara,56,1
84,9220,1,Rs. 599.00,construction_site_owenr,Batticaloa,599,1
999,6920,1,Rs. 52.00,broker,Kuliyapitiya,52,1
205,6705,1,Rs. 200.00,broker,Kadawatha,200,1
1173,2069,1,Rs. 295.00,broker,Katunayake,295,1
860,8303,1,Rs. 605.00,construction_site_owenr,Maharagama,605,1
65,8303,1,"Rs. 1,290.00",construction_site_owenr,Maharagama,1290,1
1032,2821,1,Rs. 50.00,construction_site_owenr,Beruwala,50,1
487,2821,1,"Rs. 5,310.00",construction_site_owenr,Beruwala,5310,1
6,4892,1,"Rs. 1,960.00",broker,Maharagama,1960,1
1023,8474,1,Rs. 15.00,broker,Ja-Ela,15,1
674,7649,1,Rs. 370.00,construction_site_owenr,Ratnapura,370,1
1111,7401,1,Rs. 450.00,broker,Batticaloa,450,1
1258,8889,1,Rs. 775.00,construction_site_owenr,Aluthgama,775,1
1067,1396,1,Rs. 425.00,broker,Embilipitiya,425,1
1376,4505,1,Rs. 100.00,broker,Ja-Ela,100,1
50,2352,1,"Rs. 2,025.00",construction_site_owenr,Mount Lavinia,2025,1
566,7313,1,Rs. 359.00,homeowner,Kattankudy,359,1
440,8628,1,"Rs. 5,310.00",broker,Nuwara Eliya,5310,1
974,5890,1,"Rs. 1,250.00",construction_site_owenr,Ratnapura,1250,1
1215,3057,1,"Rs. 2,850.00",broker,Kurunegala,2850,1
57,5927,1,"Rs. 5,625.00",construction_site_owenr,Negombo,5625,1
222,4354,1,Rs. 947.00,broker,Chilaw,947,1
724,2493,1,Rs. 750.00,broker,Haputale,750,1
752,2493,1,"Rs. 7,180.00",broker,Haputale,7180,1
1301,3635,1,Rs. 374.00,construction_site_owenr,Kaduwela,374,1
43,6730,1,"Rs. 1,699.00",construction_site_owenr,Anuradhapura,1699,1
841,2664,1,Rs. 30.00,homeowner,Kegalle,30,1
1304,1319,1,Rs. 35.00,construction_site_owenr,Polonnaruwa,35,1
532,8036,1,"Rs. 1,990.00",homeowner,Kattankudy,1990,1
384,7335,1,"Rs. 1,120.00",construction_site_owenr,Kegalle,1120,1
1143,5102,1,Rs. 290.00,broker,Ampara,290,1
360,9677,1,Rs. 345.00,construction_site_owenr,Batticaloa,345,1
240,551,1,"Rs. 29,757.00",homeowner,Haputale,29757,-1
1232,551,1,Rs. 80.00,homeowner,Haputale,80,1
643,1194,1,Rs. 270.00,broker,Ampara,270,1
491,3980,1,"Rs. 4,050.00",broker,Ratnapura,4050,1
1325,802,1,Rs. 475.00,broker,Gampola,475,1
684,8395,1,Rs. 190.00,construction_site_owenr,Anuradhapura,190,1
1277,9175,1,Rs. 330.00,homeowner,Anuradhapura,330,1
620,3578,1,"Rs. 1,810.00",construction_site_owenr,Matale,1810,1
666,2225,1,"Rs. 1,046.00",homeowner,Kegalle,1046,1
131,4127,1,"Rs. 3,740.00",broker,Mullaitivu,3740,1
1043,4790,1,Rs. 10.00,broker,Matale,10,1
1312,1189,1,Rs. 250.00,construction_site_owenr,Hikkaduwa,250,1
633,5525,1,"Rs. 1,410.00",broker,Kadawatha,1410,1
210,5246,1,Rs. 200.00,construction_site_owenr,Kurunegala,200,1
634,5321,1,Rs. 545.00,broker,Kegalle,545,1
1119,4225,1,"Rs. 1,970.00",homeowner,Beruwala,1970,1
192,6117,1,Rs. 760.00,construction_site_owenr,Hikkaduwa,760,1
993,4357,1,"Rs. 1,250.00",homeowner,Trincomalee,1250,1
307,5904,1,"Rs. 1,850.00",broker,Wattala,1850,1
805,3766,1,"Rs. 4,490.00",broker,Kegalle,4490,1
1260,1143,1,Rs. 125.00,construction_site_owenr,Sigiriya,125,1
540,4954,1,"Rs. 1,140.00",homeowner,Aluthgama,1140,1
992,7565,1,"Rs. 1,250.00",construction_site_owenr,Balangoda,1250,1
1197,7680,1,Rs. 870.00,construction_site_owenr,Ja-Ela,870,1
1240,5349,1,Rs. 685.00,broker,Panadura,685,1
112,8547,1,Rs. 950.00,homeowner,Polonnaruwa,950,1
567,4199,1,Rs. 610.00,homeowner,Valvettithurai,610,1
821,2902,1,Rs. 360.00,construction_site_owenr,Haputale,360,1
35,1229,1,"Rs. 7,125.00",construction_site_owenr,Mannar,7125,1
540,1650,1,"Rs. 1,140.00",construction_site_owenr,Mannar,1140,1
592,2183,1,Rs. 790.00,broker,Tissamaharama,790,1
994,2183,1,Rs. 28.00,broker,Tissamaharama,28,1
89,2296,1,"Rs. 5,900.00",broker,Rambukkana,5900,1
962,5304,1,"Rs. 1,250.00",homeowner,Mullaitivu,1250,1
858,5304,1,Rs. 965.00,homeowner,Mullaitivu,965,1
710,6851,1,"Rs. 1,785.00",broker,Monaragala,1785,1
1251,1866,1,Rs. 660.00,homeowner,Mount Lavinia,660,1
445,2098,1,"Rs. 4,000.00",homeowner,Gampaha,4000,1
1213,4970,1,Rs. 200.00,homeowner,Kaduwela,200,1
1041,4773,1,Rs. 12.00,broker,Kandy,12,1
1359,8092,1,"Rs. 1,875.00",construction_site_owenr,Chilaw,1875,1
1217,6281,1,"Rs. 3,528.00",broker,Monaragala,3528,1
1140,6866,1,Rs. 90.00,homeowner,Wattala,90,1
899,5213,1,Rs. 88.00,broker,Monaragala,88,1
800,6357,1,"Rs. 13,520.00",construction_site_owenr,Kaduwela,13520,-1
364,5727,1,Rs. 295.00,construction_site_owenr,Gampaha,295,1
1299,7761,1,Rs. 272.00,broker,Monaragala,272,1
286,9574,1,"Rs. 1,193.00",homeowner,Vavuniya,1193,1
116,9385,1,"Rs. 1,730.00",homeowner,Kalutara,1730,1
1085,3660,1,Rs. 95.00,construction_site_owenr,Batticaloa,95,1
224,9200,1,Rs. 346.00,broker,Kadawatha,346,1
999,8215,1,Rs. 52.00,construction_site_owenr,Vavuniya,52,1
1093,8553,1,Rs. 80.00,broker,Hikkaduwa,80,1
903,6094,1,Rs. 175.00,broker,Homagama,175,1
1123,6798,1,"Rs. 1,450.00",construction_site_owenr,Kaduwela,1450,1
827,9452,1,Rs. 10.00,construction_site_owenr,Kaduwela,10,1
1119,6290,1,"Rs. 1,970.00",broker,Ampara,1970,1
108,7965,1,"Rs. 3,050.00",broker,Bibile,3050,1
763,10000,1,"Rs. 4,805.00",broker,Mullaitivu,4805,1
898,83,1,Rs. 200.00,homeowner,Nugegoda,200,1
690,9985,1,Rs. 115.00,broker,Vavuniya,115,1
254,8482,1,"Rs. 2,994.00",construction_site_owenr,Polgahawela,2994,1
73,3207,1,"Rs. 1,570.00",broker,Kurunegala,1570,1
710,4304,1,"Rs. 1,785.00",homeowner,Anuradhapura,1785,1
1037,5819,1,Rs. 50.00,homeowner,Ja-Ela,50,1
631,2756,1,Rs. 300.00,construction_site_owenr,Kaduwela,300,1
1287,9451,1,Rs. 2.00,broker,Kegalle,2,1
652,9914,1,Rs. 58.00,broker,Embilipitiya,58,1
530,2125,1,Rs. 175.00,homeowner,Katunayake,175,1
592,4945,1,Rs. 790.00,homeowner,Kattankudy,790,1
169,4953,1,Rs. 950.00,homeowner,Mullaitivu,950,1
488,3643,1,"Rs. 5,310.00",homeowner,Gampola,5310,1
1172,623,1,Rs. 945.00,homeowner,Ella,945,1
342,6962,1,"Rs. 7,000.00",broker,Tissamaharama,7000,1
299,7429,1,"Rs. 2,620.00",broker,Nawalapitiya,2620,1
1119,6064,1,"Rs. 1,970.00",construction_site_owenr,Mount Lavinia,1970,1
639,4861,1,Rs. 400.00,homeowner,Tissamaharama,400,1
1370,1920,1,Rs. 56.00,construction_site_owenr,Mannar,56,1
1301,9007,1,Rs. 374.00,construction_site_owenr,Matara,374,1
87,5169,1,"Rs. 4,505.00",homeowner,Ella,4505,1
1263,1645,1,Rs. 240.00,construction_site_owenr,Dambulla,240,1
108,4834,1,"Rs. 3,050.00",broker,Nikaweratiya,3050,1
499,9840,1,"Rs. 5,310.00",broker,Ginigathhena,5310,1
490,4626,1,"Rs. 5,310.00",broker,Bentota,5310,1
1387,4626,1,Rs. 3.00,broker,Bentota,3,1
1285,4144,1,Rs. 3.00,broker,Ella,3,1
1146,2720,1,Rs. 630.00,homeowner,Ella,630,1
914,7993,1,Rs. 4.00,broker,Batticaloa,4,1
350,3582,1,"Rs. 9,160.00",construction_site_owenr,Mawanella,9160,-1
832,3615,1,Rs. 15.00,homeowner,Ampara,15,1
513,884,1,"Rs. 3,310.00",homeowner,Nikaweratiya,3310,1
350,4997,1,"Rs. 9,160.00",homeowner,Kuliyapitiya,9160,-1
62,1471,1,"Rs. 1,570.00",homeowner,Kuliyapitiya,1570,1
480,9779,1,"Rs. 4,000.00",broker,Gampola,4000,1
770,3865,1,"Rs. 4,315.00",homeowner,Kaduwela,4315,1
1218,2547,1,"Rs. 3,528.00",broker,Weligama,3528,1
184,1358,1,Rs. 944.00,homeowner,Badulla,944,1
835,5898,1,Rs. 10.00,homeowner,Kadawatha,10,1
730,1272,1,Rs. 25.00,broker,Polgahawela,25,1
1171,4413,1,Rs. 90.00,construction_site_owenr,Minuwangoda,90,1
1224,6077,1,Rs. 748.00,homeowner,Nikaweratiya,748,1
67,5895,1,"Rs. 1,570.00",broker,Mullaitivu,1570,1
350,300,1,"Rs. 9,160.00",construction_site_owenr,Kadawatha,9160,-1
265,826,1,"Rs. 4,063.00",construction_site_owenr,Kalutara,4063,1
307,826,1,"Rs. 1,850.00",construction_site_owenr,Kalutara,1850,1
48,6103,1,"Rs. 28,980.00",broker,Kegalle,28980,-1
1226,8375,1,"Rs. 4,505.00",construction_site_owenr,Hikkaduwa,4505,1
934,3147,1,Rs. 210.00,homeowner,Puttalam,210,1
578,8506,1,Rs. 500.00,broker,Gampola,500,1
131,1144,1,"Rs. 3,740.00",broker,Kalutara,3740,1
592,1144,1,Rs. 790.00,broker,Kalutara,790,1
1384,4667,1,Rs. 280.00,construction_site_owenr,Kuliyapitiya,280,1
469,5041,1,"Rs. 4,000.00",construction_site_owenr,Kurunegala,4000,1
1067,1469,1,Rs. 425.00,construction_site_owenr,Ella,425,1
326,6457,1,"Rs. 1,116.00",broker,Gampola,1116,1
481,4238,1,"Rs. 5,310.00",construction_site_owenr,Kandy,5310,1
984,6646,1,"Rs. 1,250.00",construction_site_owenr,Polonnaruwa,1250,1
210,6646,1,Rs. 200.00,construction_site_owenr,Polonnaruwa,200,1
372,6494,1,"Rs. 9,160.00",broker,Ambalangoda,9160,-1
897,4960,1,Rs. 160.00,homeowner,Jaffna,160,1
671,1748,1,Rs. 208.00,homeowner,Nugegoda,208,1
1298,7613,1,Rs. 442.00,construction_site_owenr,Kalpitiya,442,1
400,3496,1,"Rs. 2,050.00",homeowner,Polonnaruwa,2050,1
73,8648,1,"Rs. 1,570.00",homeowner,Ella,1570,1
750,27,1,"Rs. 12,075.00",construction_site_owenr,Kattankudy,12075,-1
521,435,1,"Rs. 1,410.00",homeowner,Maharagama,1410,1
820,5751,1,"Rs. 5,350.00",homeowner,Kattankudy,5350,1
995,3443,1,Rs. 12.00,homeowner,Weligama,12,1
333,1684,1,Rs. 225.00,broker,Aluthgama,225,1
684,6591,1,Rs. 190.00,construction_site_owenr,Bandarawela,190,1
311,1702,1,"Rs. 3,300.00",homeowner,Balangoda,3300,1
1189,1889,1,"Rs. 3,477.00",homeowner,Ampara,3477,1
1375,6612,1,Rs. 120.00,broker,Gampola,120,1
194,4817,1,"Rs. 1,086.00",homeowner,Bibile,1086,1
782,894,1,"Rs. 1,455.00",homeowner,Kaduwela,1455,1
128,9346,1,"Rs. 1,550.00",broker,Ginigathhena,1550,1
47,7405,1,"Rs. 6,345.00",construction_site_owenr,Chilaw,6345,-1
392,2521,1,"Rs. 8,270.00",broker,Negombo,8270,-1
320,2141,1,"Rs. 1,700.00",broker,Sigiriya,1700,1
865,1440,1,"Rs. 3,620.00",broker,Maharagama,3620,1
1144,4028,1,Rs. 285.00,broker,Badulla,285,1
1222,529,1,"Rs. 1,105.00",construction_site_owenr,Monaragala,1105,1
1213,8783,1,Rs. 200.00,construction_site_owenr,Panadura,200,1
296,966,1,"Rs. 4,560.00",broker,Trincomalee,4560,1
100,4334,1,"Rs. 4,540.00",broker,Trincomalee,4540,1
1288,5042,1,Rs. 2.00,homeowner,Kadawatha,2,1
6,3340,1,"Rs. 1,960.00",broker,Nikaweratiya,1960,1
1033,2734,1,Rs. 50.00,homeowner,Polonnaruwa,50,1
8,829,1,"Rs. 1,960.00",construction_site_owenr,Gampola,1960,1
494,8804,1,"Rs. 4,000.00",broker,Ratnapura,4000,1
1251,2278,1,Rs. 660.00,broker,Kandy,660,1
995,267,1,Rs. 12.00,homeowner,Polonnaruwa,12,1
693,3386,1,Rs. 280.00,construction_site_owenr,Aluthgama,280,1
597,5719,1,Rs. 510.00,construction_site_owenr,Jaffna,510,1
1058,5992,1,"Rs. 1,100.00",broker,Hikkaduwa,1100,1
764,595,1,"Rs. 4,105.00",construction_site_owenr,Elpitiya,4105,1
650,3112,1,Rs. 105.00,construction_site_owenr,Polgahawela,105,1
980,43,1,"Rs. 1,250.00",broker,Vavuniya,1250,1
149,6037,1,Rs. 950.00,broker,Bandarawela,950,1
373,9569,1,Rs. 725.00,homeowner,Chilaw,725,1
985,9569,1,"Rs. 1,250.00",homeowner,Chilaw,1250,1
1014,5043,1,Rs. 100.00,broker,Badulla,100,1
765,8844,1,"Rs. 3,500.00",broker,Point Pedro,3500,1
868,7516,1,"Rs. 1,240.00",broker,Minuwangoda,1240,1
729,2391,1,Rs. 2.00,construction_site_owenr,Gampaha,2,1
1376,8909,1,Rs. 100.00,broker,Kurunegala,100,1
942,3267,1,"Rs. 1,250.00",construction_site_owenr,Hikkaduwa,1250,1
448,4560,1,"Rs. 4,000.00",construction_site_owenr,Kalutara,4000,1
277,2483,1,"Rs. 15,713.00",homeowner,Aluthgama,15713,-1
1120,3140,1,"Rs. 2,100.00",broker,Panadura,2100,1
904,3805,1,Rs. 30.00,homeowner,Katunayake,30,1
1004,9460,1,Rs. 56.00,construction_site_owenr,Nawalapitiya,56,1
1211,6939,1,Rs. 200.00,homeowner,Puttalam,200,1
846,163,1,Rs. 10.00,homeowner,Matale,10,1
772,6932,1,"Rs. 3,035.00",broker,Chilaw,3035,1
991,7624,1,"Rs. 1,250.00",broker,Wattala,1250,1
274,8914,1,"Rs. 2,100.00",broker,Kaduwela,2100,1
1344,1101,1,"Rs. 3,050.00",broker,Gampaha,3050,1
18,4119,1,"Rs. 7,125.00",broker,Mawanella,7125,1
1229,7046,1,Rs. 935.00,broker,Batticaloa,935,1
260,1291,1,"Rs. 2,100.00",homeowner,Hikkaduwa,2100,1
1225,2021,1,Rs. 544.00,broker,Akkaraipattu,544,1
875,9455,1,"Rs. 1,250.00",broker,Kegalle,1250,1
922,7676,1,Rs. 585.00,homeowner,Bentota,585,1
415,9010,1,"Rs. 5,310.00",homeowner,Anuradhapura,5310,1
1057,3461,1,"Rs. 2,360.00",construction_site_owenr,Puttalam,2360,1
799,594,1,"Rs. 3,570.00",construction_site_owenr,Puttalam,3570,1
1180,9749,1,Rs. 425.00,broker,Ambalangoda,425,1
895,665,1,Rs. 710.00,construction_site_owenr,Mullaitivu,710,1
501,200,1,"Rs. 5,310.00",construction_site_owenr,Trincomalee,5310,1
128,6260,1,"Rs. 1,550.00",broker,Puttalam,1550,1
678,9027,1,Rs. 188.00,homeowner,Maharagama,188,1
555,7339,1,Rs. 850.00,homeowner,Balangoda,850,1
1158,7339,1,Rs. 155.00,homeowner,Balangoda,155,1
572,8584,1,Rs. 425.00,homeowner,Kandy,425,1
185,7508,1,Rs. 492.00,construction_site_owenr,Aluthgama,492,1
896,3552,1,Rs. 500.00,homeowner,Hambantota,500,1
1028,3552,1,Rs. 390.00,homeowner,Hambantota,390,1
660,2405,1,Rs. 536.00,construction_site_owenr,Matara,536,1
942,5961,1,"Rs. 1,250.00",construction_site_owenr,Kuliyapitiya,1250,1
845,8872,1,Rs. 15.00,construction_site_owenr,Kurunegala,15,1
1187,7912,1,"Rs. 4,990.00",homeowner,Mullaitivu,4990,1
853,3128,1,Rs. 350.00,construction_site_owenr,Ambalangoda,350,1
337,8667,1,"Rs. 3,300.00",broker,Kalutara,3300,1
759,3621,1,"Rs. 4,135.00",broker,Gampaha,4135,1
222,7946,1,Rs. 947.00,construction_site_owenr,Ginigathhena,947,1
1265,9240,1,Rs. 250.00,construction_site_owenr,Nawalapitiya,250,1
489,5847,1,"Rs. 1,950.00",broker,Vavuniya,1950,1
549,1558,1,Rs. 200.00,construction_site_owenr,Kaduwela,200,1
356,2960,1,Rs. 295.00,construction_site_owenr,Beruwala,295,1
1191,5541,1,"Rs. 1,752.00",construction_site_owenr,Piliyandala,1752,1
460,5590,1,"Rs. 9,700.00",homeowner,Nuwara Eliya,9700,-1
44,8371,1,"Rs. 3,074.00",broker,Panadura,3074,1
212,5701,1,Rs. 200.00,homeowner,Mawanella,200,1
22,1926,1,"Rs. 5,320.00",broker,Horana,5320,1
1319,7933,1,Rs. 540.00,homeowner,Ampara,540,1
827,8399,1,Rs. 10.00,homeowner,Bentota,10,1
101,2648,1,"Rs. 3,600.00",homeowner,Kalpitiya,3600,1
1344,8808,1,"Rs. 3,050.00",construction_site_owenr,Mannar,3050,1
385,3721,1,"Rs. 4,100.00",homeowner,Aluthgama,4100,1
653,8727,1,Rs. 86.00,broker,Mullaitivu,86,1
231,4340,1,Rs. 450.00,homeowner,Piliyandala,450,1
1300,284,1,Rs. 136.00,construction_site_owenr,Hambantota,136,1
89,8745,1,"Rs. 5,900.00",homeowner,Batticaloa,5900,1
180,9836,1,"Rs. 3,050.00",broker,Mannar,3050,1
1306,6096,1,Rs. 440.00,homeowner,Panadura,440,1
904,5784,1,Rs. 30.00,broker,Point Pedro,30,1
579,4408,1,Rs. 415.00,homeowner,Ambalangoda,415,1
841,3970,1,Rs. 30.00,construction_site_owenr,Tissamaharama,30,1
284,9496,1,"Rs. 1,193.00",construction_site_owenr,Polonnaruwa,1193,1
791,2833,1,"Rs. 2,800.00",construction_site_owenr,Hikkaduwa,2800,1
5,1580,1,"Rs. 1,960.00",homeowner,Valvettithurai,1960,1
45,3426,1,"Rs. 1,920.00",homeowner,Mount Lavinia,1920,1
730,4822,1,Rs. 25.00,construction_site_owenr,Mannar,25,1
828,4200,1,Rs. 12.00,broker,Nawalapitiya,12,1
411,2427,1,"Rs. 3,590.00",broker,Beruwala,3590,1
191,1552,1,Rs. 220.00,homeowner,Polonnaruwa,220,1
432,8299,1,"Rs. 2,660.00",construction_site_owenr,Kurunegala,2660,1
948,8952,1,"Rs. 1,250.00",homeowner,Hikkaduwa,1250,1
267,849,1,"Rs. 15,713.00",broker,Elpitiya,15713,-1
1236,7666,1,"Rs. 1,220.00",broker,Mount Lavinia,1220,1
334,2022,1,Rs. 935.00,broker,Seeduwa,935,1
1050,8650,1,Rs. 180.00,broker,Nawalapitiya,180,1
722,1394,1,Rs. 695.00,homeowner,Katunayake,695,1
430,3303,1,"Rs. 2,660.00",broker,Wellawaya,2660,1
950,8314,1,"Rs. 1,250.00",construction_site_owenr,Batticaloa,1250,1
1142,6367,1,Rs. 535.00,construction_site_owenr,Beruwala,535,1
596,8805,1,Rs. 770.00,construction_site_owenr,Kalmunai,770,1
1266,5275,1,Rs. 110.00,broker,Dehiwala-Mount Lavinia,110,1
742,3710,1,Rs. 475.00,construction_site_owenr,Haputale,475,1
171,4286,1,"Rs. 3,050.00",construction_site_owenr,Chilaw,3050,1
579,5630,1,Rs. 415.00,homeowner,Kilinochchi,415,1
476,3398,1,"Rs. 4,000.00",homeowner,Batticaloa,4000,1
1141,8610,1,Rs. 950.00,construction_site_owenr,Kalutara,950,1
106,8411,1,Rs. 950.00,homeowner,Ratnapura,950,1
11,3043,1,"Rs. 1,960.00",construction_site_owenr,Puttalam,1960,1
108,539,1,"Rs. 3,050.00",construction_site_owenr,Horana,3050,1
797,9578,1,"Rs. 7,200.00",broker,Kadawatha,7200,1
628,7825,1,"Rs. 2,590.00",homeowner,Bandarawela,2590,1
724,4137,1,Rs. 750.00,construction_site_owenr,Kuliyapitiya,750,1
460,7138,1,"Rs. 9,700.00",homeowner,Ratnapura,9700,-1
691,9242,1,Rs. 95.00,homeowner,Balangoda,95,1
985,7550,1,"Rs. 1,250.00",homeowner,Batticaloa,1250,1
1338,8969,1,Rs. 270.00,construction_site_owenr,Panadura,270,1
817,6166,1,"Rs. 3,700.00",homeowner,Negombo,3700,1
298,4952,1,"Rs. 3,900.00",broker,Wattala,3900,1
1151,1146,1,"Rs. 16,790.00",homeowner,Polonnaruwa,16790,-1
1183,4928,1,Rs. 502.00,homeowner,Kadawatha,502,1
477,1176,1,"Rs. 4,000.00",homeowner,Hikkaduwa,4000,1
975,9755,1,"Rs. 1,250.00",broker,Jaffna,1250,1
536,9122,1,"Rs. 1,580.00",homeowner,Nikaweratiya,1580,1
216,7562,1,Rs. 230.00,homeowner,Point Pedro,230,1
690,341,1,Rs. 115.00,homeowner,Badulla,115,1
748,8323,1,"Rs. 4,455.00",broker,Kalutara,4455,1
97,3289,1,"Rs. 2,580.00",broker,Anuradhapura,2580,1
1162,6893,1,Rs. 375.00,homeowner,Bandarawela,375,1
605,7693,1,Rs. 170.00,construction_site_owenr,Kuliyapitiya,170,1
254,7585,1,"Rs. 2,994.00",broker,Kaduwela,2994,1
1121,2190,1,Rs. 210.00,construction_site_owenr,Mullaitivu,210,1
1004,6626,1,Rs. 56.00,construction_site_owenr,Badulla,56,1
1069,1765,1,Rs. 360.00,construction_site_owenr,Homagama,360,1
1283,2040,1,Rs. 6.00,homeowner,Chavakachcheri,6,1
999,1166,1,Rs. 52.00,broker,Balangoda,52,1
1391,2424,1,Rs. 45.00,construction_site_owenr,Negombo,45,1
712,9579,1,Rs. 672.00,broker,Galle,672,1
34,1027,1,"Rs. 4,950.00",homeowner,Kegalle,4950,1
1307,1486,1,Rs. 55.00,homeowner,Mullaitivu,55,1
4,1032,1,"Rs. 1,960.00",construction_site_owenr,Puttalam,1960,1
385,2587,1,"Rs. 4,100.00",homeowner,Ella,4100,1
643,4670,1,Rs. 270.00,homeowner,Balangoda,270,1
215,2643,1,Rs. 230.00,homeowner,Homagama,230,1
36,7394,1,"Rs. 7,125.00",construction_site_owenr,Puttalam,7125,1
905,8985,1,Rs. 25.00,broker,Kalutara,25,1
994,2686,1,Rs. 28.00,construction_site_owenr,Vavuniya,28,1
642,4085,1,Rs. 86.00,broker,Hikkaduwa,86,1
379,7297,1,Rs. 270.00,broker,Kalutara,270,1
45,5210,1,"Rs. 1,920.00",construction_site_owenr,Batticaloa,1920,1
1387,5966,1,Rs. 3.00,broker,Valvettithurai,3,1
572,5544,1,Rs. 425.00,homeowner,Ratnapura,425,1
828,4353,1,Rs. 12.00,homeowner,Beruwala,12,1
988,4353,1,"Rs. 1,250.00",homeowner,Beruwala,1250,1
898,3942,1,Rs. 200.00,broker,Kandy,200,1
714,231,1,Rs. 315.00,construction_site_owenr,Mullaitivu,315,1
553,85,1,"Rs. 4,600.00",homeowner,Vavuniya,4600,1
1370,1674,1,Rs. 56.00,construction_site_owenr,Ambalangoda,56,1
1014,1168,1,Rs. 100.00,construction_site_owenr,Batticaloa,100,1
461,4095,1,"Rs. 3,590.00",homeowner,Kaduwela,3590,1
1385,5629,1,Rs. 220.00,homeowner,Kandy,220,1
675,8012,1,Rs. 126.00,construction_site_owenr,Kalutara,126,1
1272,6885,1,Rs. 212.00,broker,Bandarawela,212,1
35,6986,1,"Rs. 7,125.00",homeowner,Homagama,7125,1
126,3321,1,"Rs. 3,740.00",broker,Kalutara,3740,1
1135,4435,1,"Rs. 2,200.00",broker,Anuradhapura,2200,1
972,5796,1,"Rs. 1,250.00",broker,Maskeliya,1250,1
430,3375,1,"Rs. 2,660.00",broker,Koggala,2660,1
869,359,1,"Rs. 4,350.00",homeowner,Mount Lavinia,4350,1
1400,3272,1,Rs. 265.00,construction_site_owenr,Homagama,265,1
918,7502,1,Rs. 12.00,broker,Valvettithurai,12,1
40,6204,1,"Rs. 7,125.00",construction_site_owenr,Galle,7125,1
663,2013,1,"Rs. 1,010.00",homeowner,Kattankudy,1010,1
91,4483,1,"Rs. 6,930.00",broker,Mount Lavinia,6930,-1
527,972,1,"Rs. 25,650.00",construction_site_owenr,Badulla,25650,-1
1303,4062,1,Rs. 35.00,construction_site_owenr,Nuwara Eliya,35,1
250,5089,1,Rs. 942.00,broker,Kalutara,942,1
39,3882,1,"Rs. 7,125.00",construction_site_owenr,Kaduwela,7125,1
222,1873,1,Rs. 947.00,broker,Elpitiya,947,1
165,2404,1,"Rs. 1,730.00",homeowner,Nuwara Eliya,1730,1
24,4532,1,"Rs. 7,125.00",homeowner,Vavuniya,7125,1
560,7027,1,"Rs. 3,690.00",homeowner,Hikkaduwa,3690,1
777,6016,1,"Rs. 2,315.00",homeowner,Kaduwela,2315,1
527,9054,1,"Rs. 25,650.00",homeowner,Monaragala,25650,-1
800,5385,1,"Rs. 13,520.00",construction_site_owenr,Balangoda,13520,-1
712,230,1,Rs. 672.00,homeowner,Nugegoda,672,1
1043,1519,1,Rs. 10.00,construction_site_owenr,Horana,10,1
292,3146,1,Rs. 623.00,broker,Wellawaya,623,1
671,2590,1,Rs. 208.00,construction_site_owenr,Balangoda,208,1
1115,9157,1,Rs. 895.00,broker,Koggala,895,1
435,9307,1,"Rs. 4,000.00",homeowner,Kaduwela,4000,1
580,7185,1,Rs. 250.00,construction_site_owenr,Ja-Ela,250,1
126,2985,1,"Rs. 3,740.00",construction_site_owenr,Hambantota,3740,1
1012,8897,1,Rs. 8.00,broker,Mullaitivu,8,1
1174,3184,1,Rs. 290.00,homeowner,Chavakachcheri,290,1
1023,1111,1,Rs. 15.00,homeowner,Dehiwala-Mount Lavinia,15,1
544,8890,1,"Rs. 3,250.00",construction_site_owenr,Wellawaya,3250,1
880,5816,1,Rs. 250.00,construction_site_owenr,Aluthgama,250,1
120,5551,1,Rs. 950.00,construction_site_owenr,Elpitiya,950,1
1201,9660,1,Rs. 450.00,homeowner,Moratuwa,450,1
189,3011,1,Rs. 350.00,construction_site_owenr,Gampola,350,1
257,9697,1,"Rs. 2,994.00",homeowner,Mullaitivu,2994,1
743,9032,1,Rs. 475.00,homeowner,Kurunegala,475,1
609,7829,1,Rs. 625.00,broker,Vavuniya,625,1
1359,4360,1,"Rs. 1,875.00",broker,Kalutara,1875,1
80,9967,1,"Rs. 1,570.00",broker,Kadawatha,1570,1
776,2649,1,"Rs. 2,830.00",construction_site_owenr,Kurunegala,2830,1
452,1555,1,"Rs. 5,310.00",broker,Matale,5310,1
87,914,1,"Rs. 4,505.00",homeowner,Kegalle,4505,1
869,559,1,"Rs. 4,350.00",construction_site_owenr,Kalpitiya,4350,1
16,3628,1,"Rs. 7,125.00",construction_site_owenr,Mannar,7125,1
194,4376,1,"Rs. 1,086.00",homeowner,Kalpitiya,1086,1
414,2205,1,"Rs. 1,260.00",broker,Mannar,1260,1
1009,7230,1,Rs. 23.00,construction_site_owenr,Haputale,23,1
788,2377,1,"Rs. 5,100.00",broker,Mannar,5100,1
242,3137,1,"Rs. 7,082.00",broker,Aluthgama,7082,1
1175,2822,1,Rs. 380.00,homeowner,Mullaitivu,380,1
1166,6419,1,"Rs. 2,600.00",broker,Matale,2600,1
1304,1600,1,Rs. 35.00,broker,Ja-Ela,35,1
4,1600,1,"Rs. 1,960.00",broker,Ja-Ela,1960,1
20,4326,1,"Rs. 7,125.00",construction_site_owenr,Piliyandala,7125,1
706,7679,1,Rs. 360.00,construction_site_owenr,Chavakachcheri,360,1
1258,2515,1,Rs. 775.00,homeowner,Kurunegala,775,1
88,2515,1,"Rs. 5,900.00",homeowner,Kurunegala,5900,1
714,618,1,Rs. 315.00,homeowner,Hikkaduwa,315,1
642,618,1,Rs. 86.00,homeowner,Hikkaduwa,86,1
598,663,1,"Rs. 1,640.00",construction_site_owenr,Jaffna,1640,1
990,6229,1,"Rs. 1,250.00",homeowner,Balangoda,1250,1
928,392,1,Rs. 250.00,homeowner,Ambalangoda,250,1
881,22,1,Rs. 350.00,construction_site_owenr,Mannar,350,1
252,2783,1,"Rs. 1,709.00",broker,Mannar,1709,1
274,691,1,"Rs. 2,100.00",homeowner,Seeduwa,2100,1
678,4956,1,Rs. 188.00,broker,Colombo,188,1
621,1241,1,"Rs. 1,265.00",homeowner,Polonnaruwa,1265,1
72,4628,1,"Rs. 1,570.00",homeowner,Gampaha,1570,1
215,3950,1,Rs. 230.00,broker,Chilaw,230,1
215,7306,1,Rs. 230.00,broker,Kaduwela,230,1
113,6562,1,"Rs. 1,600.00",broker,Hikkaduwa,1600,1
1044,6205,1,"Rs. 1,070.00",broker,Hikkaduwa,1070,1
110,5484,1,"Rs. 1,730.00",broker,Rambukkana,1730,1
251,1578,1,"Rs. 3,136.00",homeowner,Piliyandala,3136,1
791,318,1,"Rs. 2,800.00",broker,Balangoda,2800,1
445,3513,1,"Rs. 4,000.00",homeowner,Matale,4000,1
724,3690,1,Rs. 750.00,construction_site_owenr,Nawalapitiya,750,1
1396,6270,1,"Rs. 1,170.00",construction_site_owenr,Dehiwala,1170,1
177,7262,1,"Rs. 2,850.00",construction_site_owenr,Hambantota,2850,1
426,6294,1,"Rs. 2,660.00",homeowner,Kuliyapitiya,2660,1
242,8887,1,"Rs. 7,082.00",construction_site_owenr,Matale,7082,1
733,1198,1,Rs. 475.00,construction_site_owenr,Ella,475,1
728,6966,1,Rs. 10.00,homeowner,Beruwala,10,1
401,3241,1,"Rs. 1,150.00",construction_site_owenr,Puttalam,1150,1
576,2911,1,Rs. 870.00,construction_site_owenr,Kadawatha,870,1
843,2911,1,Rs. 15.00,construction_site_owenr,Kadawatha,15,1
555,9969,1,Rs. 850.00,broker,Bentota,850,1
1344,1976,1,"Rs. 3,050.00",homeowner,Nikaweratiya,3050,1
1293,7858,1,"Rs. 2,087.00",homeowner,Polgahawela,2087,1
1200,4245,1,Rs. 370.00,homeowner,Bentota,370,1
559,4677,1,"Rs. 12,990.00",broker,Ampara,12990,-1
885,5506,1,Rs. 140.00,broker,Wattala,140,1
1239,358,1,"Rs. 2,720.00",construction_site_owenr,Aluthgama,2720,1
428,9502,1,"Rs. 8,790.00",homeowner,Haputale,8790,-1
1005,8270,1,Rs. 56.00,homeowner,Wellawaya,56,1
1274,8603,1,Rs. 470.00,construction_site_owenr,Badulla,470,1
1051,8082,1,Rs. 115.00,homeowner,Dehiwala-Mount Lavinia,115,1
1143,6157,1,Rs. 290.00,construction_site_owenr,Chilaw,290,1
947,3223,1,"Rs. 1,250.00",broker,Ambalangoda,1250,1
212,7505,1,Rs. 200.00,homeowner,Sigiriya,200,1
382,9628,1,"Rs. 3,950.00",construction_site_owenr,Balangoda,3950,1
20,8516,1,"Rs. 7,125.00",homeowner,Gampaha,7125,1
1251,5805,1,Rs. 660.00,broker,Nugegoda,660,1
1014,278,1,Rs. 100.00,broker,Bentota,100,1
972,4795,1,"Rs. 1,250.00",construction_site_owenr,Negombo,1250,1
824,4477,1,Rs. 270.00,broker,Bandarawela,270,1
650,9058,1,Rs. 105.00,broker,Trincomalee,105,1
1293,8718,1,"Rs. 2,087.00",broker,Katunayake,2087,1
460,4298,1,"Rs. 9,700.00",homeowner,Trincomalee,9700,-1
839,7103,1,Rs. 12.00,construction_site_owenr,Gampaha,12,1
911,6406,1,Rs. 240.00,homeowner,Mullaitivu,240,1
751,4797,1,"Rs. 8,925.00",homeowner,Batticaloa,8925,-1
829,5199,1,Rs. 80.00,homeowner,Mount Lavinia,80,1
296,387,1,"Rs. 4,560.00",construction_site_owenr,Wattala,4560,1
978,1719,1,"Rs. 1,250.00",broker,Ambalangoda,1250,1
410,6226,1,"Rs. 1,300.00",construction_site_owenr,Moratuwa,1300,1
1393,853,1,Rs. 10.00,construction_site_owenr,Hikkaduwa,10,1
1185,3914,1,"Rs. 13,703.00",construction_site_owenr,Ambalangoda,13703,-1
829,5208,1,Rs. 80.00,homeowner,Negombo,80,1
872,5870,1,"Rs. 3,490.00",construction_site_owenr,Ratnapura,3490,1
591,2917,1,"Rs. 1,810.00",broker,Horana,1810,1
1244,983,1,"Rs. 1,030.00",construction_site_owenr,Hikkaduwa,1030,1
704,7694,1,"Rs. 1,035.00",homeowner,Tissamaharama,1035,1
254,9839,1,"Rs. 2,994.00",homeowner,Tissamaharama,2994,1
713,711,1,Rs. 455.00,homeowner,Hambantota,455,1
920,7511,1,Rs. 660.00,broker,Dambulla,660,1
978,2578,1,"Rs. 1,250.00",homeowner,Batticaloa,1250,1
985,59,1,"Rs. 1,250.00",homeowner,Mount Lavinia,1250,1
257,6,1,"Rs. 2,994.00",construction_site_owenr,Puttalam,2994,1
928,164,1,Rs. 250.00,construction_site_owenr,Ella,250,1
1092,3334,1,Rs. 80.00,construction_site_owenr,Point Pedro,80,1
1325,337,1,Rs. 475.00,construction_site_owenr,Valvettithurai,475,1
690,4359,1,Rs. 115.00,broker,Aluthgama,115,1
1271,3081,1,Rs. 675.00,homeowner,Polgahawela,675,1
930,8532,1,Rs. 120.00,construction_site_owenr,Panadura,120,1
1177,879,1,Rs. 350.00,broker,Vavuniya,350,1
65,4375,1,"Rs. 1,290.00",broker,Bibile,1290,1
292,309,1,Rs. 623.00,construction_site_owenr,Kurunegala,623,1
64,5902,1,"Rs. 1,130.00",broker,Colombo,1130,1
18,4514,1,"Rs. 7,125.00",construction_site_owenr,Polonnaruwa,7125,1
459,3735,1,"Rs. 5,310.00",homeowner,Gampola,5310,1
980,7299,1,"Rs. 1,250.00",construction_site_owenr,Kaduwela,1250,1
846,5977,1,Rs. 10.00,homeowner,Ella,10,1
466,1793,1,"Rs. 2,950.00",broker,Ja-Ela,2950,1
178,2698,1,Rs. 950.00,construction_site_owenr,Mullaitivu,950,1
209,4203,1,Rs. 200.00,homeowner,Kandy,200,1
107,4722,1,"Rs. 1,730.00",broker,Chilaw,1730,1
1374,5594,1,Rs. 160.00,broker,Mount Lavinia,160,1
314,9693,1,"Rs. 2,600.00",broker,Bandarawela,2600,1
379,818,1,Rs. 270.00,construction_site_owenr,Mannar,270,1
972,6443,1,"Rs. 1,250.00",homeowner,Puttalam,1250,1
552,9761,1,"Rs. 22,750.00",broker,Gampola,22750,-1
849,9233,1,Rs. 625.00,homeowner,Batticaloa,625,1
1134,65,1,"Rs. 3,450.00",broker,Ja-Ela,3450,1
1,9248,1,"Rs. 2,736.00",homeowner,Batticaloa,2736,1
937,1200,1,"Rs. 1,250.00",homeowner,Puttalam,1250,1
666,4390,1,"Rs. 1,046.00",homeowner,Kandy,1046,1
50,6531,1,"Rs. 2,025.00",homeowner,Negombo,2025,1
1235,1550,1,Rs. 760.00,broker,Matara,760,1
228,1474,1,"Rs. 2,191.00",homeowner,Matale,2191,1
103,8573,1,"Rs. 4,770.00",homeowner,Kandy,4770,1
928,4965,1,Rs. 250.00,construction_site_owenr,Matara,250,1
264,2152,1,"Rs. 22,490.00",construction_site_owenr,Polonnaruwa,22490,-1
12,8916,1,"Rs. 1,410.00",broker,Panadura,1410,1
869,4162,1,"Rs. 4,350.00",construction_site_owenr,Seeduwa,4350,1
651,1644,1,Rs. 186.00,construction_site_owenr,Batticaloa,186,1
43,6664,1,"Rs. 1,699.00",homeowner,Mullaitivu,1699,1
730,7353,1,Rs. 25.00,broker,Beruwala,25,1
1285,5093,1,Rs. 3.00,broker,Panadura,3,1
628,6500,1,"Rs. 2,590.00",construction_site_owenr,Mannar,2590,1
12,6255,1,"Rs. 1,410.00",construction_site_owenr,Kadawatha,1410,1
254,7153,1,"Rs. 2,994.00",broker,Homagama,2994,1
772,6006,1,"Rs. 3,035.00",homeowner,Kaduwela,3035,1
810,5809,1,"Rs. 3,270.00",homeowner,Kattankudy,3270,1
1035,6178,1,Rs. 50.00,homeowner,Kaduwela,50,1
298,7514,1,"Rs. 3,900.00",broker,Koggala,3900,1
809,301,1,"Rs. 1,325.00",broker,Ambalangoda,1325,1
252,449,1,"Rs. 1,709.00",construction_site_owenr,Panadura,1709,1
279,6715,1,"Rs. 4,063.00",broker,Trincomalee,4063,1
544,7871,1,"Rs. 3,250.00",construction_site_owenr,Panadura,3250,1
864,2111,1,"Rs. 8,515.00",homeowner,Ratnapura,8515,-1
1004,8605,1,Rs. 56.00,construction_site_owenr,Haputale,56,1
489,9957,1,"Rs. 1,950.00",broker,Negombo,1950,1
737,124,1,Rs. 600.00,construction_site_owenr,Ambalangoda,600,1
97,23,1,"Rs. 2,580.00",construction_site_owenr,Chavakachcheri,2580,1
649,8469,1,Rs. 375.00,homeowner,Weligama,375,1
434,908,1,"Rs. 4,000.00",homeowner,Anuradhapura,4000,1
605,5288,1,Rs. 170.00,homeowner,Kurunegala,170,1
1292,5454,1,"Rs. 4,327.00",broker,Gampaha,4327,1
1003,244,1,Rs. 15.00,construction_site_owenr,Puttalam,15,1
844,1132,1,Rs. 20.00,homeowner,Mannar,20,1
810,2827,1,"Rs. 3,270.00",homeowner,Kalmunai,3270,1
1332,2199,1,"Rs. 1,080.00",construction_site_owenr,Matale,1080,1
1219,3070,1,"Rs. 1,449.00",broker,Haputale,1449,1
85,1333,1,"Rs. 2,690.00",construction_site_owenr,Haputale,2690,1
759,9999,1,"Rs. 4,135.00",homeowner,Gampola,4135,1
101,2310,1,"Rs. 3,600.00",construction_site_owenr,Kalutara,3600,1
347,2218,1,"Rs. 2,900.00",construction_site_owenr,Mannar,2900,1
67,6434,1,"Rs. 1,570.00",construction_site_owenr,Kattankudy,1570,1
1163,9509,1,Rs. 325.00,construction_site_owenr,Jaffna,325,1
1185,6492,1,"Rs. 13,703.00",homeowner,Ratnapura,13703,-1
897,6394,1,Rs. 160.00,broker,Negombo,160,1
332,8926,1,"Rs. 1,658.00",homeowner,Wattala,1658,1
1129,5875,1,Rs. 425.00,homeowner,Haputale,425,1
662,8772,1,Rs. 635.00,homeowner,Hambantota,635,1
240,3236,1,"Rs. 29,757.00",homeowner,Hatton,29757,-1
338,2775,1,"Rs. 1,850.00",broker,Anuradhapura,1850,1
666,6793,1,"Rs. 1,046.00",homeowner,Mount Lavinia,1046,1
661,2976,1,Rs. 455.00,construction_site_owenr,Batticaloa,455,1
1224,6322,1,Rs. 748.00,construction_site_owenr,Dehiwala-Mount Lavinia,748,1
885,8695,1,Rs. 140.00,homeowner,Hikkaduwa,140,1
332,490,1,"Rs. 1,658.00",construction_site_owenr,Trincomalee,1658,1
372,5822,1,"Rs. 9,160.00",construction_site_owenr,Koggala,9160,-1
536,1739,1,"Rs. 1,580.00",broker,Piliyandala,1580,1
472,2520,1,"Rs. 1,920.00",broker,Sigiriya,1920,1
1199,9476,1,Rs. 460.00,homeowner,Horana,460,1
175,644,1,Rs. 950.00,construction_site_owenr,Chavakachcheri,950,1
272,9689,1,"Rs. 22,490.00",homeowner,Wellawaya,22490,-1
425,5104,1,"Rs. 1,100.00",homeowner,Bibile,1100,1
1121,5994,1,Rs. 210.00,homeowner,Maharagama,210,1
161,4104,1,"Rs. 3,050.00",broker,Monaragala,3050,1
610,5459,1,"Rs. 6,690.00",homeowner,Ella,6690,-1
1232,8310,1,Rs. 80.00,construction_site_owenr,Tissamaharama,80,1
812,9727,1,"Rs. 1,255.00",homeowner,Kegalle,1255,1
268,4902,1,"Rs. 22,490.00",construction_site_owenr,Hambantota,22490,-1
10,9223,1,"Rs. 1,960.00",broker,Tissamaharama,1960,1
980,4403,1,"Rs. 1,250.00",construction_site_owenr,Batticaloa,1250,1
169,3718,1,Rs. 950.00,construction_site_owenr,Ratnapura,950,1
989,6502,1,"Rs. 1,250.00",construction_site_owenr,Kadawatha,1250,1
311,3041,1,"Rs. 3,300.00",broker,Kattankudy,3300,1
1158,2482,1,Rs. 155.00,construction_site_owenr,Mawanella,155,1
794,9664,1,"Rs. 15,750.00",construction_site_owenr,Point Pedro,15750,-1
1167,6306,1,"Rs. 3,490.00",homeowner,Batticaloa,3490,1
501,7284,1,"Rs. 5,310.00",construction_site_owenr,Nuwara Eliya,5310,1
421,5694,1,"Rs. 1,100.00",construction_site_owenr,Gampaha,1100,1
620,1457,1,"Rs. 1,810.00",construction_site_owenr,Weligama,1810,1
1255,1849,1,Rs. 810.00,broker,Vavuniya,810,1
859,7000,1,Rs. 400.00,broker,Mannar,400,1
1147,1103,1,Rs. 275.00,construction_site_owenr,Elpitiya,275,1
832,9576,1,Rs. 15.00,homeowner,Nawalapitiya,15,1
839,6182,1,Rs. 12.00,broker,Nawalapitiya,12,1
133,6262,1,"Rs. 3,740.00",construction_site_owenr,Batticaloa,3740,1
188,1564,1,Rs. 665.00,broker,Wattala,665,1
342,3374,1,"Rs. 7,000.00",homeowner,Badulla,7000,1
461,8108,1,"Rs. 3,590.00",broker,Embilipitiya,3590,1
289,9259,1,"Rs. 1,953.00",broker,Mannar,1953,1
1190,9649,1,"Rs. 2,338.00",homeowner,Kegalle,2338,1
232,3952,1,Rs. 346.00,broker,Kandy,346,1
1168,3557,1,"Rs. 2,610.00",broker,Piliyandala,2610,1
1270,3557,1,Rs. 185.00,broker,Piliyandala,185,1
1371,7907,1,Rs. 66.00,construction_site_owenr,Gampola,66,1
932,3463,1,Rs. 235.00,broker,Ambalangoda,235,1
1249,9745,1,"Rs. 1,230.00",homeowner,Trincomalee,1230,1
1054,3024,1,Rs. 180.00,homeowner,Mawanella,180,1
256,6202,1,Rs. 942.00,construction_site_owenr,Gampaha,942,1
1297,6474,1,Rs. 660.00,construction_site_owenr,Chilaw,660,1
6,6875,1,"Rs. 1,960.00",construction_site_owenr,Gampola,1960,1
957,1335,1,"Rs. 1,250.00",construction_site_owenr,Nawalapitiya,1250,1
662,2487,1,Rs. 635.00,homeowner,Homagama,635,1
1222,686,1,"Rs. 1,105.00",homeowner,Badulla,1105,1
356,1473,1,Rs. 295.00,broker,Hikkaduwa,295,1
971,1387,1,"Rs. 1,250.00",construction_site_owenr,Polonnaruwa,1250,1
735,4449,1,Rs. 475.00,homeowner,Ambalangoda,475,1
444,9440,1,"Rs. 5,310.00",broker,Negombo,5310,1
189,7957,1,Rs. 350.00,construction_site_owenr,Horana,350,1
190,6025,1,Rs. 220.00,homeowner,Vavuniya,220,1
125,2491,1,"Rs. 3,740.00",homeowner,Mount Lavinia,3740,1
231,6953,1,Rs. 450.00,construction_site_owenr,Ginigathhena,450,1
430,945,1,"Rs. 2,660.00",construction_site_owenr,Vavuniya,2660,1
410,9495,1,"Rs. 1,300.00",broker,Balangoda,1300,1
499,1572,1,"Rs. 5,310.00",construction_site_owenr,Kegalle,5310,1
154,8447,1,Rs. 950.00,construction_site_owenr,Kuliyapitiya,950,1
1250,9446,1,Rs. 760.00,homeowner,Mullaitivu,760,1
63,650,1,"Rs. 1,570.00",broker,Gampaha,1570,1
1223,3273,1,Rs. 935.00,homeowner,Maharagama,935,1
216,3842,1,Rs. 230.00,broker,Kurunegala,230,1
1312,472,1,Rs. 250.00,construction_site_owenr,Matale,250,1
1129,3117,1,Rs. 425.00,broker,Haputale,425,1
1307,5039,1,Rs. 55.00,construction_site_owenr,Badulla,55,1
194,4237,1,"Rs. 1,086.00",construction_site_owenr,Ella,1086,1
1231,4631,1,Rs. 544.00,construction_site_owenr,Kattankudy,544,1
890,5188,1,Rs. 325.00,broker,Nikaweratiya,325,1
1176,8922,1,Rs. 175.00,broker,Panadura,175,1
530,2087,1,Rs. 175.00,construction_site_owenr,Kaduwela,175,1
212,3407,1,Rs. 200.00,construction_site_owenr,Ambalangoda,200,1
1203,4717,1,Rs. 200.00,broker,Anuradhapura,200,1
889,2318,1,Rs. 310.00,homeowner,Mullaitivu,310,1
1147,1857,1,Rs. 275.00,construction_site_owenr,Puttalam,275,1
843,1212,1,Rs. 15.00,broker,Rambukkana,15,1
187,6277,1,Rs. 784.00,broker,Katunayake,784,1
805,2275,1,"Rs. 4,490.00",construction_site_owenr,Maharagama,4490,1
1264,55,1,Rs. 265.00,broker,Gampola,265,1
1032,6033,1,Rs. 50.00,homeowner,Kattankudy,50,1
1141,7435,1,Rs. 950.00,construction_site_owenr,Gampola,950,1
970,997,1,"Rs. 1,250.00",construction_site_owenr,Mullaitivu,1250,1
174,7503,1,"Rs. 2,850.00",broker,Embilipitiya,2850,1
1382,1204,1,Rs. 97.00,broker,Dambulla,97,1
1256,1978,1,Rs. 760.00,homeowner,Polonnaruwa,760,1
413,1566,1,"Rs. 9,700.00",construction_site_owenr,Dehiwala-Mount Lavinia,9700,-1
1306,7054,1,Rs. 440.00,broker,Vavuniya,440,1
937,846,1,"Rs. 1,250.00",construction_site_owenr,Wattala,1250,1
869,9553,1,"Rs. 4,350.00",broker,Ja-Ela,4350,1
259,5085,1,Rs. 942.00,broker,Koggala,942,1
401,241,1,"Rs. 1,150.00",construction_site_owenr,Bandarawela,1150,1
805,8797,1,"Rs. 4,490.00",homeowner,Sigiriya,4490,1
676,5521,1,Rs. 302.00,homeowner,Kalutara,302,1
651,6672,1,Rs. 186.00,construction_site_owenr,Badulla,186,1
943,5341,1,"Rs. 1,250.00",broker,Bentota,1250,1
915,6787,1,Rs. 360.00,construction_site_owenr,Monaragala,360,1
568,7177,1,"Rs. 1,540.00",construction_site_owenr,Batticaloa,1540,1
495,3520,1,"Rs. 3,750.00",homeowner,Rambukkana,3750,1
1280,3657,1,Rs. 272.00,homeowner,Maharagama,272,1
907,2277,1,Rs. 370.00,construction_site_owenr,Trincomalee,370,1
1040,1874,1,Rs. 25.00,broker,Akkaraipattu,25,1
66,8760,1,"Rs. 1,650.00",broker,Ambalangoda,1650,1
1241,9250,1,"Rs. 2,780.00",construction_site_owenr,Piliyandala,2780,1
594,6305,1,Rs. 865.00,homeowner,Point Pedro,865,1
1337,7211,1,Rs. 210.00,broker,Bandarawela,210,1
486,719,1,"Rs. 4,470.00",homeowner,Nikaweratiya,4470,1
1060,3422,1,"Rs. 2,200.00",construction_site_owenr,Panadura,2200,1
62,1789,1,"Rs. 1,570.00",construction_site_owenr,Gampaha,1570,1
1345,1844,1,"Rs. 6,100.00",homeowner,Point Pedro,6100,-1
572,4878,1,Rs. 425.00,homeowner,Katunayake,425,1
718,6139,1,"Rs. 1,250.00",construction_site_owenr,Dehiwala-Mount Lavinia,1250,1
1290,9544,1,Rs. 30.00,construction_site_owenr,Vavuniya,30,1
1400,6301,1,Rs. 265.00,construction_site_owenr,Kuliyapitiya,265,1
489,6286,1,"Rs. 1,950.00",construction_site_owenr,Galle,1950,1
410,1690,1,"Rs. 1,300.00",broker,Kalmunai,1300,1
744,6683,1,Rs. 475.00,homeowner,Badulla,475,1
771,7671,1,"Rs. 3,585.00",construction_site_owenr,Kalutara,3585,1
1241,6776,1,"Rs. 2,780.00",construction_site_owenr,Trincomalee,2780,1
413,1566,1,"Rs. 9,700.00",construction_site_owenr,Dehiwala-Mount Lavinia,9700,-1
552,9761,1,"Rs. 22,750.00",broker,Gampola,22750,-1
277,2483,1,"Rs. 15,713.00",homeowner,Aluthgama,15713,-1
350,4997,1,"Rs. 9,160.00",homeowner,Kuliyapitiya,9160,-1
527,972,1,"Rs. 25,650.00",construction_site_owenr,Badulla,25650,-1
413,1566,1,"Rs. 9,700.00",construction_site_owenr,Dehiwala-Mount Lavinia,9700,-1
1151,1146,1,"Rs. 16,790.00",homeowner,Polonnaruwa,16790,-1
800,5385,1,"Rs. 13,520.00",construction_site_owenr,Balangoda,13520,-1
372,6494,1,"Rs. 9,160.00",broker,Ambalangoda,9160,-1
372,6494,1,"Rs. 9,160.00",broker,Ambalangoda,9160,-1
559,4677,1,"Rs. 12,990.00",broker,Ampara,12990,-1
610,5459,1,"Rs. 6,690.00",homeowner,Ella,6690,-1
1345,1844,1,"Rs. 6,100.00",homeowner,Point Pedro,6100,-1
559,4677,1,"Rs. 12,990.00",broker,Ampara,12990,-1
271,7077,1,"Rs. 15,713.00",construction_site_owenr,Negombo,15713,-1
527,9054,1,"Rs. 25,650.00",homeowner,Monaragala,25650,-1
525,4868,1,"Rs. 50,250.00",homeowner,Badulla,50250,-1
559,4677,1,"Rs. 12,990.00",broker,Ampara,12990,-1
264,2152,1,"Rs. 22,490.00",construction_site_owenr,Polonnaruwa,22490,-1
794,9664,1,"Rs. 15,750.00",construction_site_owenr,Point Pedro,15750,-1
525,4868,1,"Rs. 50,250.00",homeowner,Badulla,50250,-1
527,972,1,"Rs. 25,650.00",construction_site_owenr,Badulla,25650,-1
240,3236,1,"Rs. 29,757.00",homeowner,Hatton,29757,-1
750,27,1,"Rs. 12,075.00",construction_site_owenr,Kattankudy,12075,-1
527,9054,1,"Rs. 25,650.00",homeowner,Monaragala,25650,-1
428,9502,1,"Rs. 8,790.00",homeowner,Haputale,8790,-1
751,4797,1,"Rs. 8,925.00",homeowner,Batticaloa,8925,-1
1185,3914,1,"Rs. 13,703.00",construction_site_owenr,Ambalangoda,13703,-1
460,5590,1,"Rs. 9,700.00",homeowner,Nuwara Eliya,9700,-1
277,2483,1,"Rs. 15,713.00",homeowner,Aluthgama,15713,-1
271,7077,1,"Rs. 15,713.00",construction_site_owenr,Negombo,15713,-1
268,4902,1,"Rs. 22,490.00",construction_site_owenr,Hambantota,22490,-1
350,3582,1,"Rs. 9,160.00",construction_site_owenr,Mawanella,9160,-1
527,972,1,"Rs. 25,650.00",construction_site_owenr,Badulla,25650,-1
350,300,1,"Rs. 9,160.00",construction_site_owenr,Kadawatha,9160,-1
413,1566,1,"Rs. 9,700.00",construction_site_owenr,Dehiwala-Mount Lavinia,9700,-1
460,7138,1,"Rs. 9,700.00",homeowner,Ratnapura,9700,-1
1155,8282,1,"Rs. 14,590.00",construction_site_owenr,Maharagama,14590,-1
428,9502,1,"Rs. 8,790.00",homeowner,Haputale,8790,-1
392,2521,1,"Rs. 8,270.00",broker,Negombo,8270,-1
350,300,1,"Rs. 9,160.00",construction_site_owenr,Kadawatha,9160,-1
460,4298,1,"Rs. 9,700.00",homeowner,Trincomalee,9700,-1
525,4868,1,"Rs. 50,250.00",homeowner,Badulla,50250,-1
91,4483,1,"Rs. 6,930.00",broker,Mount Lavinia,6930,-1
1185,3914,1,"Rs. 13,703.00",construction_site_owenr,Ambalangoda,13703,-1
350,3582,1,"Rs. 9,160.00",construction_site_owenr,Mawanella,9160,-1
350,4997,1,"Rs. 9,160.00",homeowner,Kuliyapitiya,9160,-1
272,9689,1,"Rs. 22,490.00",homeowner,Wellawaya,22490,-1
392,2521,1,"Rs. 8,270.00",broker,Negombo,8270,-1
267,849,1,"Rs. 15,713.00",broker,Elpitiya,15713,-1
610,5459,1,"Rs. 6,690.00",homeowner,Ella,6690,-1
1345,1844,1,"Rs. 6,100.00",homeowner,Point Pedro,6100,-1
1155,8282,1,"Rs. 14,590.00",construction_site_owenr,Maharagama,14590,-1
525,4868,1,"Rs. 50,250.00",homeowner,Badulla,50250,-1
800,6357,1,"Rs. 13,520.00",construction_site_owenr,Kaduwela,13520,-1
1155,8282,1,"Rs. 14,590.00",construction_site_owenr,Maharagama,14590,-1
552,9761,1,"Rs. 22,750.00",broker,Gampola,22750,-1
460,7138,1,"Rs. 9,700.00",homeowner,Ratnapura,9700,-1
460,4298,1,"Rs. 9,700.00",homeowner,Trincomalee,9700,-1
372,5822,1,"Rs. 9,160.00",construction_site_owenr,Koggala,9160,-1
48,6103,1,"Rs. 28,980.00",broker,Kegalle,28980,-1
610,5459,1,"Rs. 6,690.00",homeowner,Ella,6690,-1
392,2521,1,"Rs. 8,270.00",broker,Negombo,8270,-1
864,2111,1,"Rs. 8,515.00",homeowner,Ratnapura,8515,-1
277,2483,1,"Rs. 15,713.00",homeowner,Aluthgama,15713,-1
350,4997,1,"Rs. 9,160.00",homeowner,Kuliyapitiya,9160,-1
392,2521,1,"Rs. 8,270.00",broker,Negombo,8270,-1
800,5385,1,"Rs. 13,520.00",construction_site_owenr,Balangoda,13520,-1
1345,1844,1,"Rs. 6,100.00",homeowner,Point Pedro,6100,-1
527,972,1,"Rs. 25,650.00",construction_site_owenr,Badulla,25650,-1
460,5590,1,"Rs. 9,700.00",homeowner,Nuwara Eliya,9700,-1
460,7138,1,"Rs. 9,700.00",homeowner,Ratnapura,9700,-1
559,4677,1,"Rs. 12,990.00",broker,Ampara,12990,-1
460,4298,1,"Rs. 9,700.00",homeowner,Trincomalee,9700,-1
428,9502,1,"Rs. 8,790.00",homeowner,Haputale,8790,-1
552,9761,1,"Rs. 22,750.00",broker,Gampola,22750,-1
277,2483,1,"Rs. 15,713.00",homeowner,Aluthgama,15713,-1
264,4257,1,"Rs. 22,490.00",broker,Ella,22490,-1
428,9502,1,"Rs. 8,790.00",homeowner,Haputale,8790,-1
350,3582,1,"Rs. 9,160.00",construction_site_owenr,Mawanella,9160,-1
350,300,1,"Rs. 9,160.00",construction_site_owenr,Kadawatha,9160,-1
559,4677,1,"Rs. 12,990.00",broker,Ampara,12990,-1
264,4257,1,"Rs. 22,490.00",broker,Ella,22490,-1
350,4997,1,"Rs. 9,160.00",homeowner,Kuliyapitiya,9160,-1
559,4677,1,"Rs. 12,990.00",broker,Ampara,12990,-1
372,6494,1,"Rs. 9,160.00",broker,Ambalangoda,9160,-1
267,849,1,"Rs. 15,713.00",broker,Elpitiya,15713,-1
350,4997,1,"Rs. 9,160.00",homeowner,Kuliyapitiya,9160,-1
272,9689,1,"Rs. 22,490.00",homeowner,Wellawaya,22490,-1
272,9689,1,"Rs. 22,490.00",homeowner,Wellawaya,22490,-1
240,3236,1,"Rs. 29,757.00",homeowner,Hatton,29757,-1
240,551,1,"Rs. 29,757.00",homeowner,Haputale,29757,-1
413,1566,1,"Rs. 9,700.00",construction_site_owenr,Dehiwala-Mount Lavinia,9700,-1
1185,3914,1,"Rs. 13,703.00",construction_site_owenr,Ambalangoda,13703,-1
350,3582,1,"Rs. 9,160.00",construction_site_owenr,Mawanella,9160,-1
350,300,1,"Rs. 9,160.00",construction_site_owenr,Kadawatha,9160,-1
350,4997,1,"Rs. 9,160.00",homeowner,Kuliyapitiya,9160,-1
750,27,1,"Rs. 12,075.00",construction_site_owenr,Kattankudy,12075,-1
372,5822,1,"Rs. 9,160.00",construction_site_owenr,Koggala,9160,-1
240,3236,1,"Rs. 29,757.00",homeowner,Hatton,29757,-1
800,5385,1,"Rs. 13,520.00",construction_site_owenr,Balangoda,13520,-1
559,4677,1,"Rs. 12,990.00",broker,Ampara,12990,-1
268,4902,1,"Rs. 22,490.00",construction_site_owenr,Hambantota,22490,-1
272,9689,1,"Rs. 22,490.00",homeowner,Wellawaya,22490,-1
1345,1844,1,"Rs. 6,100.00",homeowner,Point Pedro,6100,-1
527,9054,1,"Rs. 25,650.00",homeowner,Monaragala,25650,-1
751,4797,1,"Rs. 8,925.00",homeowner,Batticaloa,8925,-1
272,9689,1,"Rs. 22,490.00",homeowner,Wellawaya,22490,-1
264,4257,1,"Rs. 22,490.00",broker,Ella,22490,-1
272,9689,1,"Rs. 22,490.00",homeowner,Wellawaya,22490,-1
268,4902,1,"Rs. 22,490.00",construction_site_owenr,Hambantota,22490,-1
392,2521,1,"Rs. 8,270.00",broker,Negombo,8270,-1
271,7077,1,"Rs. 15,713.00",construction_site_owenr,Negombo,15713,-1
264,4257,1,"Rs. 22,490.00",broker,Ella,22490,-1
240,551,1,"Rs. 29,757.00",homeowner,Haputale,29757,-1
460,4298,1,"Rs. 9,700.00",homeowner,Trincomalee,9700,-1
392,2521,1,"Rs. 8,270.00",broker,Negombo,8270,-1
413,1566,1,"Rs. 9,700.00",construction_site_owenr,Dehiwala-Mount Lavinia,9700,-1
751,4797,1,"Rs. 8,925.00",homeowner,Batticaloa,8925,-1
350,300,1,"Rs. 9,160.00",construction_site_owenr,Kadawatha,9160,-1
277,2483,1,"Rs. 15,713.00",homeowner,Aluthgama,15713,-1
277,2483,1,"Rs. 15,713.00",homeowner,Aluthgama,15713,-1
460,4298,1,"Rs. 9,700.00",homeowner,Trincomalee,9700,-1
47,7405,1,"Rs. 6,345.00",construction_site_owenr,Chilaw,6345,-1
1185,6492,1,"Rs. 13,703.00",homeowner,Ratnapura,13703,-1
413,1566,1,"Rs. 9,700.00",construction_site_owenr,Dehiwala-Mount Lavinia,9700,-1
1185,6492,1,"Rs. 13,703.00",homeowner,Ratnapura,13703,-1
1155,8282,1,"Rs. 14,590.00",construction_site_owenr,Maharagama,14590,-1
264,2152,1,"Rs. 22,490.00",construction_site_owenr,Polonnaruwa,22490,-1
268,4902,1,"Rs. 22,490.00",construction_site_owenr,Hambantota,22490,-1
800,5385,1,"Rs. 13,520.00",construction_site_owenr,Balangoda,13520,-1
413,1566,1,"Rs. 9,700.00",construction_site_owenr,Dehiwala-Mount Lavinia,9700,-1
277,2483,1,"Rs. 15,713.00",homeowner,Aluthgama,15713,-1
552,9761,1,"Rs. 22,750.00",broker,Gampola,22750,-1
610,5459,1,"Rs. 6,690.00",homeowner,Ella,6690,-1
47,7405,1,"Rs. 6,345.00",construction_site_owenr,Chilaw,6345,-1
1185,6492,1,"Rs. 13,703.00",homeowner,Ratnapura,13703,-1
350,3582,1,"Rs. 9,160.00",construction_site_owenr,Mawanella,9160,-1
527,9054,1,"Rs. 25,650.00",homeowner,Monaragala,25650,-1
1185,3914,1,"Rs. 13,703.00",construction_site_owenr,Ambalangoda,13703,-1
525,4868,1,"Rs. 50,250.00",homeowner,Badulla,50250,-1
800,6357,1,"Rs. 13,520.00",construction_site_owenr,Kaduwela,13520,-1
1185,3914,1,"Rs. 13,703.00",construction_site_owenr,Ambalangoda,13703,-1
1185,3914,1,"Rs. 13,703.00",construction_site_owenr,Ambalangoda,13703,-1
91,4483,1,"Rs. 6,930.00",broker,Mount Lavinia,6930,-1
264,2152,1,"Rs. 22,490.00",construction_site_owenr,Polonnaruwa,22490,-1
372,6494,1,"Rs. 9,160.00",broker,Ambalangoda,9160,-1
1185,3914,1,"Rs. 13,703.00",construction_site_owenr,Ambalangoda,13703,-1
428,9502,1,"Rs. 8,790.00",homeowner,Haputale,8790,-1
413,1566,1,"Rs. 9,700.00",construction_site_owenr,Dehiwala-Mount Lavinia,9700,-1
240,3236,1,"Rs. 29,757.00",homeowner,Hatton,29757,-1
264,4257,1,"Rs. 22,490.00",broker,Ella,22490,-1
751,4797,1,"Rs. 8,925.00",homeowner,Batticaloa,8925,-1
47,7405,1,"Rs. 6,345.00",construction_site_owenr,Chilaw,6345,-1
271,7077,1,"Rs. 15,713.00",construction_site_owenr,Negombo,15713,-1
413,1566,1,"Rs. 9,700.00",construction_site_owenr,Dehiwala-Mount Lavinia,9700,-1
800,6357,1,"Rs. 13,520.00",construction_site_owenr,Kaduwela,13520,-1
350,4997,1,"Rs. 9,160.00",homeowner,Kuliyapitiya,9160,-1
751,4797,1,"Rs. 8,925.00",homeowner,Batticaloa,8925,-1
350,300,1,"Rs. 9,160.00",construction_site_owenr,Kadawatha,9160,-1
268,4902,1,"Rs. 22,490.00",construction_site_owenr,Hambantota,22490,-1
240,3236,1,"Rs. 29,757.00",homeowner,Hatton,29757,-1
559,4677,1,"Rs. 12,990.00",broker,Ampara,12990,-1
277,2483,1,"Rs. 15,713.00",homeowner,Aluthgama,15713,-1
1185,6492,1,"Rs. 13,703.00",homeowner,Ratnapura,13703,-1
1185,6492,1,"Rs. 13,703.00",homeowner,Ratnapura,13703,-1
559,4677,1,"Rs. 12,990.00",broker,Ampara,12990,-1
750,27,1,"Rs. 12,075.00",construction_site_owenr,Kattankudy,12075,-1
413,1566,1,"Rs. 9,700.00",construction_site_owenr,Dehiwala-Mount Lavinia,9700,-1
525,4868,1,"Rs. 50,250.00",homeowner,Badulla,50250,-1
271,7077,1,"Rs. 15,713.00",construction_site_owenr,Negombo,15713,-1
268,4902,1,"Rs. 22,490.00",construction_site_owenr,Hambantota,22490,-1
267,849,1,"Rs. 15,713.00",broker,Elpitiya,15713,-1
525,4868,1,"Rs. 50,250.00",homeowner,Badulla,50250,-1
525,4868,1,"Rs. 50,250.00",homeowner,Badulla,50250,-1
1185,3914,1,"Rs. 13,703.00",construction_site_owenr,Ambalangoda,13703,-1
800,5385,1,"Rs. 13,520.00",construction_site_owenr,Balangoda,13520,-1
268,4902,1,"Rs. 22,490.00",construction_site_owenr,Hambantota,22490,-1
1185,6492,1,"Rs. 13,703.00",homeowner,Ratnapura,13703,-1
240,3236,1,"Rs. 29,757.00",homeowner,Hatton,29757,-1
264,4257,1,"Rs. 22,490.00",broker,Ella,22490,-1
1151,1146,1,"Rs. 16,790.00",homeowner,Polonnaruwa,16790,-1
525,4868,1,"Rs. 50,250.00",homeowner,Badulla,50250,-1
460,4298,1,"Rs. 9,700.00",homeowner,Trincomalee,9700,-1
1185,6492,1,"Rs. 13,703.00",homeowner,Ratnapura,13703,-1
800,6357,1,"Rs. 13,520.00",construction_site_owenr,Kaduwela,13520,-1
1185,6492,1,"Rs. 13,703.00",homeowner,Ratnapura,13703,-1
1155,8282,1,"Rs. 14,590.00",construction_site_owenr,Maharagama,14590,-1
372,6494,1,"Rs. 9,160.00",broker,Ambalangoda,9160,-1
267,849,1,"Rs. 15,713.00",broker,Elpitiya,15713,-1
794,9664,1,"Rs. 15,750.00",construction_site_owenr,Point Pedro,15750,-1
559,4677,1,"Rs. 12,990.00",broker,Ampara,12990,-1
240,551,1,"Rs. 29,757.00",homeowner,Haputale,29757,-1
372,5822,1,"Rs. 9,160.00",construction_site_owenr,Koggala,9160,-1
800,6357,1,"Rs. 13,520.00",construction_site_owenr,Kaduwela,13520,-1
527,9054,1,"Rs. 25,650.00",homeowner,Monaragala,25650,-1
372,6494,1,"Rs. 9,160.00",broker,Ambalangoda,9160,-1
460,5590,1,"Rs. 9,700.00",homeowner,Nuwara Eliya,9700,-1
240,3236,1,"Rs. 29,757.00",homeowner,Hatton,29757,-1
350,300,1,"Rs. 9,160.00",construction_site_owenr,Kadawatha,9160,-1
800,6357,1,"Rs. 13,520.00",construction_site_owenr,Kaduwela,13520,-1
460,5590,1,"Rs. 9,700.00",homeowner,Nuwara Eliya,9700,-1
552,9761,1,"Rs. 22,750.00",broker,Gampola,22750,-1
271,7077,1,"Rs. 15,713.00",construction_site_owenr,Negombo,15713,-1
91,4483,1,"Rs. 6,930.00",broker,Mount Lavinia,6930,-1
610,5459,1,"Rs. 6,690.00",homeowner,Ella,6690,-1
1151,1146,1,"Rs. 16,790.00",homeowner,Polonnaruwa,16790,-1
460,4298,1,"Rs. 9,700.00",homeowner,Trincomalee,9700,-1
271,7077,1,"Rs. 15,713.00",construction_site_owenr,Negombo,15713,-1
1151,1146,1,"Rs. 16,790.00",homeowner,Polonnaruwa,16790,-1
91,4483,1,"Rs. 6,930.00",broker,Mount Lavinia,6930,-1
1185,6492,1,"Rs. 13,703.00",homeowner,Ratnapura,13703,-1
350,3582,1,"Rs. 9,160.00",construction_site_owenr,Mawanella,9160,-1
240,3236,1,"Rs. 29,757.00",homeowner,Hatton,29757,-1
1345,1844,1,"Rs. 6,100.00",homeowner,Point Pedro,6100,-1
413,1566,1,"Rs. 9,700.00",construction_site_owenr,Dehiwala-Mount Lavinia,9700,-1
460,7138,1,"Rs. 9,700.00",homeowner,Ratnapura,9700,-1
1345,1844,1,"Rs. 6,100.00",homeowner,Point Pedro,6100,-1
264,4257,1,"Rs. 22,490.00",broker,Ella,22490,-1
372,6494,1,"Rs. 9,160.00",broker,Ambalangoda,9160,-1
1185,3914,1,"Rs. 13,703.00",construction_site_owenr,Ambalangoda,13703,-1
428,9502,1,"Rs. 8,790.00",homeowner,Haputale,8790,-1
800,5385,1,"Rs. 13,520.00",construction_site_owenr,Balangoda,13520,-1
864,2111,1,"Rs. 8,515.00",homeowner,Ratnapura,8515,-1
264,2152,1,"Rs. 22,490.00",construction_site_owenr,Polonnaruwa,22490,-1
272,9689,1,"Rs. 22,490.00",homeowner,Wellawaya,22490,-1
350,3582,1,"Rs. 9,160.00",construction_site_owenr,Mawanella,9160,-1
460,5590,1,"Rs. 9,700.00",homeowner,Nuwara Eliya,9700,-1
460,4298,1,"Rs. 9,700.00",homeowner,Trincomalee,9700,-1
525,4868,1,"Rs. 50,250.00",homeowner,Badulla,50250,-1
264,4257,1,"Rs. 22,490.00",broker,Ella,22490,-1
750,27,1,"Rs. 12,075.00",construction_site_owenr,Kattankudy,12075,-1
240,551,1,"Rs. 29,757.00",homeowner,Haputale,29757,-1
268,4902,1,"Rs. 22,490.00",construction_site_owenr,Hambantota,22490,-1
1185,6492,1,"Rs. 13,703.00",homeowner,Ratnapura,13703,-1
350,300,1,"Rs. 9,160.00",construction_site_owenr,Kadawatha,9160,-1
272,9689,1,"Rs. 22,490.00",homeowner,Wellawaya,22490,-1
1151,1146,1,"Rs. 16,790.00",homeowner,Polonnaruwa,16790,-1
460,5590,1,"Rs. 9,700.00",homeowner,Nuwara Eliya,9700,-1
271,7077,1,"Rs. 15,713.00",construction_site_owenr,Negombo,15713,-1
91,4483,1,"Rs. 6,930.00",broker,Mount Lavinia,6930,-1
559,4677,1,"Rs. 12,990.00",broker,Ampara,12990,-1
240,3236,1,"Rs. 29,757.00",homeowner,Hatton,29757,-1
559,4677,1,"Rs. 12,990.00",broker,Ampara,12990,-1
372,6494,1,"Rs. 9,160.00",broker,Ambalangoda,9160,-1
350,4997,1,"Rs. 9,160.00",homeowner,Kuliyapitiya,9160,-1
610,5459,1,"Rs. 6,690.00",homeowner,Ella,6690,-1
794,9664,1,"Rs. 15,750.00",construction_site_owenr,Point Pedro,15750,-1
1345,1844,1,"Rs. 6,100.00",homeowner,Point Pedro,6100,-1
91,4483,1,"Rs. 6,930.00",broker,Mount Lavinia,6930,-1
272,9689,1,"Rs. 22,490.00",homeowner,Wellawaya,22490,-1
428,9502,1,"Rs. 8,790.00",homeowner,Haputale,8790,-1
272,9689,1,"Rs. 22,490.00",homeowner,Wellawaya,22490,-1
428,9502,1,"Rs. 8,790.00",homeowner,Haputale,8790,-1
552,9761,1,"Rs. 22,750.00",broker,Gampola,22750,-1
460,7138,1,"Rs. 9,700.00",homeowner,Ratnapura,9700,-1
460,7138,1,"Rs. 9,700.00",homeowner,Ratnapura,9700,-1
525,4868,1,"Rs. 50,250.00",homeowner,Badulla,50250,-1
272,9689,1,"Rs. 22,490.00",homeowner,Wellawaya,22490,-1
460,5590,1,"Rs. 9,700.00",homeowner,Nuwara Eliya,9700,-1
610,5459,1,"Rs. 6,690.00",homeowner,Ella,6690,-1
240,3236,1,"Rs. 29,757.00",homeowner,Hatton,29757,-1
1155,8282,1,"Rs. 14,590.00",construction_site_owenr,Maharagama,14590,-1
240,3236,1,"Rs. 29,757.00",homeowner,Hatton,29757,-1
392,2521,1,"Rs. 8,270.00",broker,Negombo,8270,-1
527,972,1,"Rs. 25,650.00",construction_site_owenr,Badulla,25650,-1
91,4483,1,"Rs. 6,930.00",broker,Mount Lavinia,6930,-1
350,4997,1,"Rs. 9,160.00",homeowner,Kuliyapitiya,9160,-1
350,3582,1,"Rs. 9,160.00",construction_site_owenr,Mawanella,9160,-1
271,7077,1,"Rs. 15,713.00",construction_site_owenr,Negombo,15713,-1
267,849,1,"Rs. 15,713.00",broker,Elpitiya,15713,-1
240,3236,1,"Rs. 29,757.00",homeowner,Hatton,29757,-1
750,27,1,"Rs. 12,075.00",construction_site_owenr,Kattankudy,12075,-1
527,9054,1,"Rs. 25,650.00",homeowner,Monaragala,25650,-1
527,9054,1,"Rs. 25,650.00",homeowner,Monaragala,25650,-1
264,2152,1,"Rs. 22,490.00",construction_site_owenr,Polonnaruwa,22490,-1
794,9664,1,"Rs. 15,750.00",construction_site_owenr,Point Pedro,15750,-1
794,9664,1,"Rs. 15,750.00",construction_site_owenr,Point Pedro,15750,-1
350,4997,1,"Rs. 9,160.00",homeowner,Kuliyapitiya,9160,-1
751,4797,1,"Rs. 8,925.00",homeowner,Batticaloa,8925,-1
751,4797,1,"Rs. 8,925.00",homeowner,Batticaloa,8925,-1
372,5822,1,"Rs. 9,160.00",construction_site_owenr,Koggala,9160,-1
527,972,1,"Rs. 25,650.00",construction_site_owenr,Badulla,25650,-1
264,2152,1,"Rs. 22,490.00",construction_site_owenr,Polonnaruwa,22490,-1
240,3236,1,"Rs. 29,757.00",homeowner,Hatton,29757,-1
1185,3914,1,"Rs. 13,703.00",construction_site_owenr,Ambalangoda,13703,-1
240,3236,1,"Rs. 29,757.00",homeowner,Hatton,29757,-1
240,551,1,"Rs. 29,757.00",homeowner,Haputale,29757,-1
1151,1146,1,"Rs. 16,790.00",homeowner,Polonnaruwa,16790,-1
1155,8282,1,"Rs. 14,590.00",construction_site_owenr,Maharagama,14590,-1
272,9689,1,"Rs. 22,490.00",homeowner,Wellawaya,22490,-1
267,849,1,"Rs. 15,713.00",broker,Elpitiya,15713,-1
1185,3914,1,"Rs. 13,703.00",construction_site_owenr,Ambalangoda,13703,-1
264,2152,1,"Rs. 22,490.00",construction_site_owenr,Polonnaruwa,22490,-1
552,9761,1,"Rs. 22,750.00",broker,Gampola,22750,-1
800,6357,1,"Rs. 13,520.00",construction_site_owenr,Kaduwela,13520,-1
272,9689,1,"Rs. 22,490.00",homeowner,Wellawaya,22490,-1
268,4902,1,"Rs. 22,490.00",construction_site_owenr,Hambantota,22490,-1
559,4677,1,"Rs. 12,990.00",broker,Ampara,12990,-1
552,9761,1,"Rs. 22,750.00",broker,Gampola,22750,-1
864,2111,1,"Rs. 8,515.00",homeowner,Ratnapura,8515,-1
272,9689,1,"Rs. 22,490.00",homeowner,Wellawaya,22490,-1
240,3236,1,"Rs. 29,757.00",homeowner,Hatton,29757,-1
527,972,1,"Rs. 25,650.00",construction_site_owenr,Badulla,25650,-1
1185,6492,1,"Rs. 13,703.00",homeowner,Ratnapura,13703,-1
800,5385,1,"Rs. 13,520.00",construction_site_owenr,Balangoda,13520,-1
240,3236,1,"Rs. 29,757.00",homeowner,Hatton,29757,-1
271,7077,1,"Rs. 15,713.00",construction_site_owenr,Negombo,15713,-1
460,7138,1,"Rs. 9,700.00",homeowner,Ratnapura,9700,-1
428,9502,1,"Rs. 8,790.00",homeowner,Haputale,8790,-1
864,2111,1,"Rs. 8,515.00",homeowner,Ratnapura,8515,-1
271,7077,1,"Rs. 15,713.00",construction_site_owenr,Negombo,15713,-1
1345,1844,1,"Rs. 6,100.00",homeowner,Point Pedro,6100,-1
559,4677,1,"Rs. 12,990.00",broker,Ampara,12990,-1
1185,6492,1,"Rs. 13,703.00",homeowner,Ratnapura,13703,-1
527,9054,1,"Rs. 25,650.00",homeowner,Monaragala,25650,-1
800,5385,1,"Rs. 13,520.00",construction_site_owenr,Balangoda,13520,-1
525,4868,1,"Rs. 50,250.00",homeowner,Badulla,50250,-1
751,4797,1,"Rs. 8,925.00",homeowner,Batticaloa,8925,-1
525,4868,1,"Rs. 50,250.00",homeowner,Badulla,50250,-1
460,4298,1,"Rs. 9,700.00",homeowner,Trincomalee,9700,-1
267,849,1,"Rs. 15,713.00",broker,Elpitiya,15713,-1
1345,1844,1,"Rs. 6,100.00",homeowner,Point Pedro,6100,-1
240,3236,1,"Rs. 29,757.00",homeowner,Hatton,29757,-1
350,300,1,"Rs. 9,160.00",construction_site_owenr,Kadawatha,9160,-1
413,1566,1,"Rs. 9,700.00",construction_site_owenr,Dehiwala-Mount Lavinia,9700,-1
552,9761,1,"Rs. 22,750.00",broker,Gampola,22750,-1
460,4298,1,"Rs. 9,700.00",homeowner,Trincomalee,9700,-1
272,9689,1,"Rs. 22,490.00",homeowner,Wellawaya,22490,-1
428,9502,1,"Rs. 8,790.00",homeowner,Haputale,8790,-1
559,4677,1,"Rs. 12,990.00",broker,Ampara,12990,-1
47,7405,1,"Rs. 6,345.00",construction_site_owenr,Chilaw,6345,-1
350,3582,1,"Rs. 9,160.00",construction_site_owenr,Mawanella,9160,-1
610,5459,1,"Rs. 6,690.00",homeowner,Ella,6690,-1
91,4483,1,"Rs. 6,930.00",broker,Mount Lavinia,6930,-1
264,4257,1,"Rs. 22,490.00",broker,Ella,22490,-1
350,4997,1,"Rs. 9,160.00",homeowner,Kuliyapitiya,9160,-1
460,5590,1,"Rs. 9,700.00",homeowner,Nuwara Eliya,9700,-1
392,2521,1,"Rs. 8,270.00",broker,Negombo,8270,-1
750,27,1,"Rs. 12,075.00",construction_site_owenr,Kattankudy,12075,-1
800,5385,1,"Rs. 13,520.00",construction_site_owenr,Balangoda,13520,-1
277,2483,1,"Rs. 15,713.00",homeowner,Aluthgama,15713,-1
1185,3914,1,"Rs. 13,703.00",construction_site_owenr,Ambalangoda,13703,-1
372,5822,1,"Rs. 9,160.00",construction_site_owenr,Koggala,9160,-1
525,4868,1,"Rs. 50,250.00",homeowner,Badulla,50250,-1
1185,6492,1,"Rs. 13,703.00",homeowner,Ratnapura,13703,-1
800,5385,1,"Rs. 13,520.00",construction_site_owenr,Balangoda,13520,-1
527,9054,1,"Rs. 25,650.00",homeowner,Monaragala,25650,-1
428,9502,1,"Rs. 8,790.00",homeowner,Haputale,8790,-1
527,9054,1,"Rs. 25,650.00",homeowner,Monaragala,25650,-1
527,9054,1,"Rs. 25,650.00",homeowner,Monaragala,25650,-1
800,6357,1,"Rs. 13,520.00",construction_site_owenr,Kaduwela,13520,-1
277,2483,1,"Rs. 15,713.00",homeowner,Aluthgama,15713,-1
268,4902,1,"Rs. 22,490.00",construction_site_owenr,Hambantota,22490,-1
240,3236,1,"Rs. 29,757.00",homeowner,Hatton,29757,-1
350,4997,1,"Rs. 9,160.00",homeowner,Kuliyapitiya,9160,-1
240,551,1,"Rs. 29,757.00",homeowner,Haputale,29757,-1
413,1566,1,"Rs. 9,700.00",construction_site_owenr,Dehiwala-Mount Lavinia,9700,-1
1155,8282,1,"Rs. 14,590.00",construction_site_owenr,Maharagama,14590,-1
800,6357,1,"Rs. 13,520.00",construction_site_owenr,Kaduwela,13520,-1
1185,6492,1,"Rs. 13,703.00",homeowner,Ratnapura,13703,-1
264,2152,1,"Rs. 22,490.00",construction_site_owenr,Polonnaruwa,22490,-1
272,9689,1,"Rs. 22,490.00",homeowner,Wellawaya,22490,-1
1345,1844,1,"Rs. 6,100.00",homeowner,Point Pedro,6100,-1
460,5590,1,"Rs. 9,700.00",homeowner,Nuwara Eliya,9700,-1
47,7405,1,"Rs. 6,345.00",construction_site_owenr,Chilaw,6345,-1
264,2152,1,"Rs. 22,490.00",construction_site_owenr,Polonnaruwa,22490,-1
1151,1146,1,"Rs. 16,790.00",homeowner,Polonnaruwa,16790,-1
267,849,1,"Rs. 15,713.00",broker,Elpitiya,15713,-1
1151,1146,1,"Rs. 16,790.00",homeowner,Polonnaruwa,16790,-1
1185,3914,1,"Rs. 13,703.00",construction_site_owenr,Ambalangoda,13703,-1
460,4298,1,"Rs. 9,700.00",homeowner,Trincomalee,9700,-1
268,4902,1,"Rs. 22,490.00",construction_site_owenr,Hambantota,22490,-1
460,4298,1,"Rs. 9,700.00",homeowner,Trincomalee,9700,-1
800,5385,1,"Rs. 13,520.00",construction_site_owenr,Balangoda,13520,-1
350,300,1,"Rs. 9,160.00",construction_site_owenr,Kadawatha,9160,-1
750,27,1,"Rs. 12,075.00",construction_site_owenr,Kattankudy,12075,-1
264,4257,1,"Rs. 22,490.00",broker,Ella,22490,-1
264,4257,1,"Rs. 22,490.00",broker,Ella,22490,-1
372,5822,1,"Rs. 9,160.00",construction_site_owenr,Koggala,9160,-1
1185,6492,1,"Rs. 13,703.00",homeowner,Ratnapura,13703,-1
428,9502,1,"Rs. 8,790.00",homeowner,Haputale,8790,-1
1345,1844,1,"Rs. 6,100.00",homeowner,Point Pedro,6100,-1
264,4257,1,"Rs. 22,490.00",broker,Ella,22490,-1
460,5590,1,"Rs. 9,700.00",homeowner,Nuwara Eliya,9700,-1
413,1566,1,"Rs. 9,700.00",construction_site_owenr,Dehiwala-Mount Lavinia,9700,-1
240,551,1,"Rs. 29,757.00",homeowner,Haputale,29757,-1
527,9054,1,"Rs. 25,650.00",homeowner,Monaragala,25650,-1
552,9761,1,"Rs. 22,750.00",broker,Gampola,22750,-1
271,7077,1,"Rs. 15,713.00",construction_site_owenr,Negombo,15713,-1
750,27,1,"Rs. 12,075.00",construction_site_owenr,Kattankudy,12075,-1
460,4298,1,"Rs. 9,700.00",homeowner,Trincomalee,9700,-1
460,5590,1,"Rs. 9,700.00",homeowner,Nuwara Eliya,9700,-1
268,4902,1,"Rs. 22,490.00",construction_site_owenr,Hambantota,22490,-1
527,9054,1,"Rs. 25,650.00",homeowner,Monaragala,25650,-1
552,9761,1,"Rs. 22,750.00",broker,Gampola,22750,-1
392,2521,1,"Rs. 8,270.00",broker,Negombo,8270,-1
1185,3914,1,"Rs. 13,703.00",construction_site_owenr,Ambalangoda,13703,-1
240,551,1,"Rs. 29,757.00",homeowner,Haputale,29757,-1
264,2152,1,"Rs. 22,490.00",construction_site_owenr,Polonnaruwa,22490,-1
240,551,1,"Rs. 29,757.00",homeowner,Haputale,29757,-1
750,27,1,"Rs. 12,075.00",construction_site_owenr,Kattankudy,12075,-1
460,5590,1,"Rs. 9,700.00",homeowner,Nuwara Eliya,9700,-1
460,4298,1,"Rs. 9,700.00",homeowner,Trincomalee,9700,-1
460,4298,1,"Rs. 9,700.00",homeowner,Trincomalee,9700,-1
527,972,1,"Rs. 25,650.00",construction_site_owenr,Badulla,25650,-1
413,1566,1,"Rs. 9,700.00",construction_site_owenr,Dehiwala-Mount Lavinia,9700,-1
610,5459,1,"Rs. 6,690.00",homeowner,Ella,6690,-1
240,3236,1,"Rs. 29,757.00",homeowner,Hatton,29757,-1
264,2152,1,"Rs. 22,490.00",construction_site_owenr,Polonnaruwa,22490,-1
268,4902,1,"Rs. 22,490.00",construction_site_owenr,Hambantota,22490,-1
800,5385,1,"Rs. 13,520.00",construction_site_owenr,Balangoda,13520,-1
48,6103,1,"Rs. 28,980.00",broker,Kegalle,28980,-1
240,551,1,"Rs. 29,757.00",homeowner,Haputale,29757,-1
610,5459,1,"Rs. 6,690.00",homeowner,Ella,6690,-1
372,5822,1,"Rs. 9,160.00",construction_site_owenr,Koggala,9160,-1
864,2111,1,"Rs. 8,515.00",homeowner,Ratnapura,8515,-1
48,6103,1,"Rs. 28,980.00",broker,Kegalle,28980,-1
1151,1146,1,"Rs. 16,790.00",homeowner,Polonnaruwa,16790,-1
1185,6492,1,"Rs. 13,703.00",homeowner,Ratnapura,13703,-1
264,4257,1,"Rs. 22,490.00",broker,Ella,22490,-1
240,551,1,"Rs. 29,757.00",homeowner,Haputale,29757,-1
1155,8282,1,"Rs. 14,590.00",construction_site_owenr,Maharagama,14590,-1
460,5590,1,"Rs. 9,700.00",homeowner,Nuwara Eliya,9700,-1
559,4677,1,"Rs. 12,990.00",broker,Ampara,12990,-1
460,5590,1,"Rs. 9,700.00",homeowner,Nuwara Eliya,9700,-1
525,4868,1,"Rs. 50,250.00",homeowner,Badulla,50250,-1
1185,3914,1,"Rs. 13,703.00",construction_site_owenr,Ambalangoda,13703,-1
1185,6492,1,"Rs. 13,703.00",homeowner,Ratnapura,13703,-1
751,4797,1,"Rs. 8,925.00",homeowner,Batticaloa,8925,-1
91,4483,1,"Rs. 6,930.00",broker,Mount Lavinia,6930,-1
559,4677,1,"Rs. 12,990.00",broker,Ampara,12990,-1
750,27,1,"Rs. 12,075.00",construction_site_owenr,Kattankudy,12075,-1
272,9689,1,"Rs. 22,490.00",homeowner,Wellawaya,22490,-1
240,3236,1,"Rs. 29,757.00",homeowner,Hatton,29757,-1
240,3236,1,"Rs. 29,757.00",homeowner,Hatton,29757,-1
268,4902,1,"Rs. 22,490.00",construction_site_owenr,Hambantota,22490,-1
750,27,1,"Rs. 12,075.00",construction_site_owenr,Kattankudy,12075,-1
271,7077,1,"Rs. 15,713.00",construction_site_owenr,Negombo,15713,-1
264,4257,1,"Rs. 22,490.00",broker,Ella,22490,-1
240,3236,1,"Rs. 29,757.00",homeowner,Hatton,29757,-1
1345,1844,1,"Rs. 6,100.00",homeowner,Point Pedro,6100,-1
48,6103,1,"Rs. 28,980.00",broker,Kegalle,28980,-1
552,9761,1,"Rs. 22,750.00",broker,Gampola,22750,-1
47,7405,1,"Rs. 6,345.00",construction_site_owenr,Chilaw,6345,-1
750,27,1,"Rs. 12,075.00",construction_site_owenr,Kattankudy,12075,-1
864,2111,1,"Rs. 8,515.00",homeowner,Ratnapura,8515,-1
525,4868,1,"Rs. 50,250.00",homeowner,Badulla,50250,-1
272,9689,1,"Rs. 22,490.00",homeowner,Wellawaya,22490,-1
800,5385,1,"Rs. 13,520.00",construction_site_owenr,Balangoda,13520,-1
267,849,1,"Rs. 15,713.00",broker,Elpitiya,15713,-1
460,4298,1,"Rs. 9,700.00",homeowner,Trincomalee,9700,-1
350,4997,1,"Rs. 9,160.00",homeowner,Kuliyapitiya,9160,-1
552,9761,1,"Rs. 22,750.00",broker,Gampola,22750,-1
460,4298,1,"Rs. 9,700.00",homeowner,Trincomalee,9700,-1
48,6103,1,"Rs. 28,980.00",broker,Kegalle,28980,-1
460,4298,1,"Rs. 9,700.00",homeowner,Trincomalee,9700,-1
372,5822,1,"Rs. 9,160.00",construction_site_owenr,Koggala,9160,-1
350,3582,1,"Rs. 9,160.00",construction_site_owenr,Mawanella,9160,-1
1155,8282,1,"Rs. 14,590.00",construction_site_owenr,Maharagama,14590,-1
372,6494,1,"Rs. 9,160.00",broker,Ambalangoda,9160,-1
552,9761,1,"Rs. 22,750.00",broker,Gampola,22750,-1
610,5459,1,"Rs. 6,690.00",homeowner,Ella,6690,-1
428,9502,1,"Rs. 8,790.00",homeowner,Haputale,8790,-1
527,972,1,"Rs. 25,650.00",construction_site_owenr,Badulla,25650,-1
610,5459,1,"Rs. 6,690.00",homeowner,Ella,6690,-1
48,6103,1,"Rs. 28,980.00",broker,Kegalle,28980,-1
268,4902,1,"Rs. 22,490.00",construction_site_owenr,Hambantota,22490,-1
350,300,1,"Rs. 9,160.00",construction_site_owenr,Kadawatha,9160,-1
559,4677,1,"Rs. 12,990.00",broker,Ampara,12990,-1
272,9689,1,"Rs. 22,490.00",homeowner,Wellawaya,22490,-1
272,9689,1,"Rs. 22,490.00",homeowner,Wellawaya,22490,-1
610,5459,1,"Rs. 6,690.00",homeowner,Ella,6690,-1
460,7138,1,"Rs. 9,700.00",homeowner,Ratnapura,9700,-1
413,1566,1,"Rs. 9,700.00",construction_site_owenr,Dehiwala-Mount Lavinia,9700,-1
1185,6492,1,"Rs. 13,703.00",homeowner,Ratnapura,13703,-1
559,4677,1,"Rs. 12,990.00",broker,Ampara,12990,-1
800,5385,1,"Rs. 13,520.00",construction_site_owenr,Balangoda,13520,-1
1185,6492,1,"Rs. 13,703.00",homeowner,Ratnapura,13703,-1
268,4902,1,"Rs. 22,490.00",construction_site_owenr,Hambantota,22490,-1
750,27,1,"Rs. 12,075.00",construction_site_owenr,Kattankudy,12075,-1
47,7405,1,"Rs. 6,345.00",construction_site_owenr,Chilaw,6345,-1
800,5385,1,"Rs. 13,520.00",construction_site_owenr,Balangoda,13520,-1
428,9502,1,"Rs. 8,790.00",homeowner,Haputale,8790,-1
272,9689,1,"Rs. 22,490.00",homeowner,Wellawaya,22490,-1
264,2152,1,"Rs. 22,490.00",construction_site_owenr,Polonnaruwa,22490,-1
267,849,1,"Rs. 15,713.00",broker,Elpitiya,15713,-1
91,4483,1,"Rs. 6,930.00",broker,Mount Lavinia,6930,-1
428,9502,1,"Rs. 8,790.00",homeowner,Haputale,8790,-1
527,9054,1,"Rs. 25,650.00",homeowner,Monaragala,25650,-1
47,7405,1,"Rs. 6,345.00",construction_site_owenr,Chilaw,6345,-1
1151,1146,1,"Rs. 16,790.00",homeowner,Polonnaruwa,16790,-1
610,5459,1,"Rs. 6,690.00",homeowner,Ella,6690,-1
750,27,1,"Rs. 12,075.00",construction_site_owenr,Kattankudy,12075,-1
1151,1146,1,"Rs. 16,790.00",homeowner,Polonnaruwa,16790,-1
750,27,1,"Rs. 12,075.00",construction_site_owenr,Kattankudy,12075,-1
350,300,1,"Rs. 9,160.00",construction_site_owenr,Kadawatha,9160,-1
350,3582,1,"Rs. 9,160.00",construction_site_owenr,Mawanella,9160,-1
1185,3914,1,"Rs. 13,703.00",construction_site_owenr,Ambalangoda,13703,-1
392,2521,1,"Rs. 8,270.00",broker,Negombo,8270,-1
864,2111,1,"Rs. 8,515.00",homeowner,Ratnapura,8515,-1
1151,1146,1,"Rs. 16,790.00",homeowner,Polonnaruwa,16790,-1
460,5590,1,"Rs. 9,700.00",homeowner,Nuwara Eliya,9700,-1
240,551,1,"Rs. 29,757.00",homeowner,Haputale,29757,-1
272,9689,1,"Rs. 22,490.00",homeowner,Wellawaya,22490,-1
750,27,1,"Rs. 12,075.00",construction_site_owenr,Kattankudy,12075,-1
428,9502,1,"Rs. 8,790.00",homeowner,Haputale,8790,-1
527,972,1,"Rs. 25,650.00",construction_site_owenr,Badulla,25650,-1
610,5459,1,"Rs. 6,690.00",homeowner,Ella,6690,-1
800,5385,1,"Rs. 13,520.00",construction_site_owenr,Balangoda,13520,-1
460,5590,1,"Rs. 9,700.00",homeowner,Nuwara Eliya,9700,-1
413,1566,1,"Rs. 9,700.00",construction_site_owenr,Dehiwala-Mount Lavinia,9700,-1
413,1566,1,"Rs. 9,700.00",construction_site_owenr,Dehiwala-Mount Lavinia,9700,-1
392,2521,1,"Rs. 8,270.00",broker,Negombo,8270,-1
864,2111,1,"Rs. 8,515.00",homeowner,Ratnapura,8515,-1
240,551,1,"Rs. 29,757.00",homeowner,Haputale,29757,-1
272,9689,1,"Rs. 22,490.00",homeowner,Wellawaya,22490,-1
800,5385,1,"Rs. 13,520.00",construction_site_owenr,Balangoda,13520,-1
552,9761,1,"Rs. 22,750.00",broker,Gampola,22750,-1
372,6494,1,"Rs. 9,160.00",broker,Ambalangoda,9160,-1
460,7138,1,"Rs. 9,700.00",homeowner,Ratnapura,9700,-1
750,27,1,"Rs. 12,075.00",construction_site_owenr,Kattankudy,12075,-1
350,300,1,"Rs. 9,160.00",construction_site_owenr,Kadawatha,9160,-1
48,6103,1,"Rs. 28,980.00",broker,Kegalle,28980,-1
267,849,1,"Rs. 15,713.00",broker,Elpitiya,15713,-1
794,9664,1,"Rs. 15,750.00",construction_site_owenr,Point Pedro,15750,-1
350,3582,1,"Rs. 9,160.00",construction_site_owenr,Mawanella,9160,-1
47,7405,1,"Rs. 6,345.00",construction_site_owenr,Chilaw,6345,-1
1345,1844,1,"Rs. 6,100.00",homeowner,Point Pedro,6100,-1
350,300,1,"Rs. 9,160.00",construction_site_owenr,Kadawatha,9160,-1
751,4797,1,"Rs. 8,925.00",homeowner,Batticaloa,8925,-1
525,4868,1,"Rs. 50,250.00",homeowner,Badulla,50250,-1
240,551,1,"Rs. 29,757.00",homeowner,Haputale,29757,-1
552,9761,1,"Rs. 22,750.00",broker,Gampola,22750,-1
268,4902,1,"Rs. 22,490.00",construction_site_owenr,Hambantota,22490,-1
794,9664,1,"Rs. 15,750.00",construction_site_owenr,Point Pedro,15750,-1
1151,1146,1,"Rs. 16,790.00",homeowner,Polonnaruwa,16790,-1
350,4997,1,"Rs. 9,160.00",homeowner,Kuliyapitiya,9160,-1
264,4257,1,"Rs. 22,490.00",broker,Ella,22490,-1
527,9054,1,"Rs. 25,650.00",homeowner,Monaragala,25650,-1
267,849,1,"Rs. 15,713.00",broker,Elpitiya,15713,-1
350,3582,1,"Rs. 9,160.00",construction_site_owenr,Mawanella,9160,-1
428,9502,1,"Rs. 8,790.00",homeowner,Haputale,8790,-1
1155,8282,1,"Rs. 14,590.00",construction_site_owenr,Maharagama,14590,-1
610,5459,1,"Rs. 6,690.00",homeowner,Ella,6690,-1
800,6357,1,"Rs. 13,520.00",construction_site_owenr,Kaduwela,13520,-1
864,2111,1,"Rs. 8,515.00",homeowner,Ratnapura,8515,-1
1151,1146,1,"Rs. 16,790.00",homeowner,Polonnaruwa,16790,-1
413,1566,1,"Rs. 9,700.00",construction_site_owenr,Dehiwala-Mount Lavinia,9700,-1
751,4797,1,"Rs. 8,925.00",homeowner,Batticaloa,8925,-1
48,6103,1,"Rs. 28,980.00",broker,Kegalle,28980,-1
460,4298,1,"Rs. 9,700.00",homeowner,Trincomalee,9700,-1
1151,1146,1,"Rs. 16,790.00",homeowner,Polonnaruwa,16790,-1
413,1566,1,"Rs. 9,700.00",construction_site_owenr,Dehiwala-Mount Lavinia,9700,-1
271,7077,1,"Rs. 15,713.00",construction_site_owenr,Negombo,15713,-1
47,7405,1,"Rs. 6,345.00",construction_site_owenr,Chilaw,6345,-1
1185,3914,1,"Rs. 13,703.00",construction_site_owenr,Ambalangoda,13703,-1
91,4483,1,"Rs. 6,930.00",broker,Mount Lavinia,6930,-1
1185,3914,1,"Rs. 13,703.00",construction_site_owenr,Ambalangoda,13703,-1
350,4997,1,"Rs. 9,160.00",homeowner,Kuliyapitiya,9160,-1
413,1566,1,"Rs. 9,700.00",construction_site_owenr,Dehiwala-Mount Lavinia,9700,-1
264,4257,1,"Rs. 22,490.00",broker,Ella,22490,-1
271,7077,1,"Rs. 15,713.00",construction_site_owenr,Negombo,15713,-1
47,7405,1,"Rs. 6,345.00",construction_site_owenr,Chilaw,6345,-1
1185,3914,1,"Rs. 13,703.00",construction_site_owenr,Ambalangoda,13703,-1
428,9502,1,"Rs. 8,790.00",homeowner,Haputale,8790,-1
240,3236,1,"Rs. 29,757.00",homeowner,Hatton,29757,-1
794,9664,1,"Rs. 15,750.00",construction_site_owenr,Point Pedro,15750,-1
800,6357,1,"Rs. 13,520.00",construction_site_owenr,Kaduwela,13520,-1
1185,6492,1,"Rs. 13,703.00",homeowner,Ratnapura,13703,-1
527,972,1,"Rs. 25,650.00",construction_site_owenr,Badulla,25650,-1
460,5590,1,"Rs. 9,700.00",homeowner,Nuwara Eliya,9700,-1
527,972,1,"Rs. 25,650.00",construction_site_owenr,Badulla,25650,-1
372,6494,1,"Rs. 9,160.00",broker,Ambalangoda,9160,-1
268,4902,1,"Rs. 22,490.00",construction_site_owenr,Hambantota,22490,-1
610,5459,1,"Rs. 6,690.00",homeowner,Ella,6690,-1
272,9689,1,"Rs. 22,490.00",homeowner,Wellawaya,22490,-1
1151,1146,1,"Rs. 16,790.00",homeowner,Polonnaruwa,16790,-1
91,4483,1,"Rs. 6,930.00",broker,Mount Lavinia,6930,-1
460,7138,1,"Rs. 9,700.00",homeowner,Ratnapura,9700,-1
392,2521,1,"Rs. 8,270.00",broker,Negombo,8270,-1
277,2483,1,"Rs. 15,713.00",homeowner,Aluthgama,15713,-1
864,2111,1,"Rs. 8,515.00",homeowner,Ratnapura,8515,-1
264,4257,1,"Rs. 22,490.00",broker,Ella,22490,-1
271,7077,1,"Rs. 15,713.00",construction_site_owenr,Negombo,15713,-1
460,5590,1,"Rs. 9,700.00",homeowner,Nuwara Eliya,9700,-1
800,5385,1,"Rs. 13,520.00",construction_site_owenr,Balangoda,13520,-1
372,6494,1,"Rs. 9,160.00",broker,Ambalangoda,9160,-1
750,27,1,"Rs. 12,075.00",construction_site_owenr,Kattankudy,12075,-1
48,6103,1,"Rs. 28,980.00",broker,Kegalle,28980,-1
1185,6492,1,"Rs. 13,703.00",homeowner,Ratnapura,13703,-1
460,5590,1,"Rs. 9,700.00",homeowner,Nuwara Eliya,9700,-1
350,4997,1,"Rs. 9,160.00",homeowner,Kuliyapitiya,9160,-1
794,9664,1,"Rs. 15,750.00",construction_site_owenr,Point Pedro,15750,-1
750,27,1,"Rs. 12,075.00",construction_site_owenr,Kattankudy,12075,-1
559,4677,1,"Rs. 12,990.00",broker,Ampara,12990,-1
1185,3914,1,"Rs. 13,703.00",construction_site_owenr,Ambalangoda,13703,-1
350,4997,1,"Rs. 9,160.00",homeowner,Kuliyapitiya,9160,-1
1185,3914,1,"Rs. 13,703.00",construction_site_owenr,Ambalangoda,13703,-1
610,5459,1,"Rs. 6,690.00",homeowner,Ella,6690,-1
460,4298,1,"Rs. 9,700.00",homeowner,Trincomalee,9700,-1
350,4997,1,"Rs. 9,160.00",homeowner,Kuliyapitiya,9160,-1
1185,3914,1,"Rs. 13,703.00",construction_site_owenr,Ambalangoda,13703,-1
1185,3914,1,"Rs. 13,703.00",construction_site_owenr,Ambalangoda,13703,-1
268,4902,1,"Rs. 22,490.00",construction_site_owenr,Hambantota,22490,-1
610,5459,1,"Rs. 6,690.00",homeowner,Ella,6690,-1
751,4797,1,"Rs. 8,925.00",homeowner,Batticaloa,8925,-1
267,849,1,"Rs. 15,713.00",broker,Elpitiya,15713,-1
350,300,1,"Rs. 9,160.00",construction_site_owenr,Kadawatha,9160,-1
240,3236,1,"Rs. 29,757.00",homeowner,Hatton,29757,-1
91,4483,1,"Rs. 6,930.00",broker,Mount Lavinia,6930,-1
47,7405,1,"Rs. 6,345.00",construction_site_owenr,Chilaw,6345,-1
1185,3914,1,"Rs. 13,703.00",construction_site_owenr,Ambalangoda,13703,-1
552,9761,1,"Rs. 22,750.00",broker,Gampola,22750,-1
47,7405,1,"Rs. 6,345.00",construction_site_owenr,Chilaw,6345,-1
272,9689,1,"Rs. 22,490.00",homeowner,Wellawaya,22490,-1
800,6357,1,"Rs. 13,520.00",construction_site_owenr,Kaduwela,13520,-1
460,7138,1,"Rs. 9,700.00",homeowner,Ratnapura,9700,-1
240,551,1,"Rs. 29,757.00",homeowner,Haputale,29757,-1
428,9502,1,"Rs. 8,790.00",homeowner,Haputale,8790,-1
525,4868,1,"Rs. 50,250.00",homeowner,Badulla,50250,-1
48,6103,1,"Rs. 28,980.00",broker,Kegalle,28980,-1
264,2152,1,"Rs. 22,490.00",construction_site_owenr,Polonnaruwa,22490,-1
240,551,1,"Rs. 29,757.00",homeowner,Haputale,29757,-1
240,3236,1,"Rs. 29,757.00",homeowner,Hatton,29757,-1
264,4257,1,"Rs. 22,490.00",broker,Ella,22490,-1
460,7138,1,"Rs. 9,700.00",homeowner,Ratnapura,9700,-1
1185,6492,1,"Rs. 13,703.00",homeowner,Ratnapura,13703,-1
372,6494,1,"Rs. 9,160.00",broker,Ambalangoda,9160,-1
527,972,1,"Rs. 25,650.00",construction_site_owenr,Badulla,25650,-1
460,4298,1,"Rs. 9,700.00",homeowner,Trincomalee,9700,-1
428,9502,1,"Rs. 8,790.00",homeowner,Haputale,8790,-1
527,9054,1,"Rs. 25,650.00",homeowner,Monaragala,25650,-1
751,4797,1,"Rs. 8,925.00",homeowner,Batticaloa,8925,-1
47,7405,1,"Rs. 6,345.00",construction_site_owenr,Chilaw,6345,-1
240,3236,1,"Rs. 29,757.00",homeowner,Hatton,29757,-1
372,5822,1,"Rs. 9,160.00",construction_site_owenr,Koggala,9160,-1
272,9689,1,"Rs. 22,490.00",homeowner,Wellawaya,22490,-1
264,4257,1,"Rs. 22,490.00",broker,Ella,22490,-1
527,972,1,"Rs. 25,650.00",construction_site_owenr,Badulla,25650,-1
800,6357,1,"Rs. 13,520.00",construction_site_owenr,Kaduwela,13520,-1
1185,3914,1,"Rs. 13,703.00",construction_site_owenr,Ambalangoda,13703,-1
267,849,1,"Rs. 15,713.00",broker,Elpitiya,15713,-1
240,551,1,"Rs. 29,757.00",homeowner,Haputale,29757,-1
864,2111,1,"Rs. 8,515.00",homeowner,Ratnapura,8515,-1
240,551,1,"Rs. 29,757.00",homeowner,Haputale,29757,-1
794,9664,1,"Rs. 15,750.00",construction_site_owenr,Point Pedro,15750,-1
271,7077,1,"Rs. 15,713.00",construction_site_owenr,Negombo,15713,-1
800,5385,1,"Rs. 13,520.00",construction_site_owenr,Balangoda,13520,-1
268,4902,1,"Rs. 22,490.00",construction_site_owenr,Hambantota,22490,-1
268,4902,1,"Rs. 22,490.00",construction_site_owenr,Hambantota,22490,-1
48,6103,1,"Rs. 28,980.00",broker,Kegalle,28980,-1
48,6103,1,"Rs. 28,980.00",broker,Kegalle,28980,-1
1151,1146,1,"Rs. 16,790.00",homeowner,Polonnaruwa,16790,-1
267,849,1,"Rs. 15,713.00",broker,Elpitiya,15713,-1
527,972,1,"Rs. 25,650.00",construction_site_owenr,Badulla,25650,-1
392,2521,1,"Rs. 8,270.00",broker,Negombo,8270,-1
350,300,1,"Rs. 9,160.00",construction_site_owenr,Kadawatha,9160,-1
264,4257,1,"Rs. 22,490.00",broker,Ella,22490,-1
47,7405,1,"Rs. 6,345.00",construction_site_owenr,Chilaw,6345,-1
1155,8282,1,"Rs. 14,590.00",construction_site_owenr,Maharagama,14590,-1
264,4257,1,"Rs. 22,490.00",broker,Ella,22490,-1
1345,1844,1,"Rs. 6,100.00",homeowner,Point Pedro,6100,-1
1185,6492,1,"Rs. 13,703.00",homeowner,Ratnapura,13703,-1
372,5822,1,"Rs. 9,160.00",construction_site_owenr,Koggala,9160,-1
1185,3914,1,"Rs. 13,703.00",construction_site_owenr,Ambalangoda,13703,-1
864,2111,1,"Rs. 8,515.00",homeowner,Ratnapura,8515,-1
350,4997,1,"Rs. 9,160.00",homeowner,Kuliyapitiya,9160,-1
413,1566,1,"Rs. 9,700.00",construction_site_owenr,Dehiwala-Mount Lavinia,9700,-1
460,4298,1,"Rs. 9,700.00",homeowner,Trincomalee,9700,-1
372,5822,1,"Rs. 9,160.00",construction_site_owenr,Koggala,9160,-1
271,7077,1,"Rs. 15,713.00",construction_site_owenr,Negombo,15713,-1
750,27,1,"Rs. 12,075.00",construction_site_owenr,Kattankudy,12075,-1
264,4257,1,"Rs. 22,490.00",broker,Ella,22490,-1
240,551,1,"Rs. 29,757.00",homeowner,Haputale,29757,-1
264,2152,1,"Rs. 22,490.00",construction_site_owenr,Polonnaruwa,22490,-1
264,2152,1,"Rs. 22,490.00",construction_site_owenr,Polonnaruwa,22490,-1
267,849,1,"Rs. 15,713.00",broker,Elpitiya,15713,-1
800,5385,1,"Rs. 13,520.00",construction_site_owenr,Balangoda,13520,-1
277,2483,1,"Rs. 15,713.00",homeowner,Aluthgama,15713,-1
268,4902,1,"Rs. 22,490.00",construction_site_owenr,Hambantota,22490,-1
527,972,1,"Rs. 25,650.00",construction_site_owenr,Badulla,25650,-1
392,2521,1,"Rs. 8,270.00",broker,Negombo,8270,-1
525,4868,1,"Rs. 50,250.00",homeowner,Badulla,50250,-1
372,6494,1,"Rs. 9,160.00",broker,Ambalangoda,9160,-1
413,1566,1,"Rs. 9,700.00",construction_site_owenr,Dehiwala-Mount Lavinia,9700,-1
794,9664,1,"Rs. 15,750.00",construction_site_owenr,Point Pedro,15750,-1
372,5822,1,"Rs. 9,160.00",construction_site_owenr,Koggala,9160,-1
794,9664,1,"Rs. 15,750.00",construction_site_owenr,Point Pedro,15750,-1
372,5822,1,"Rs. 9,160.00",construction_site_owenr,Koggala,9160,-1
460,7138,1,"Rs. 9,700.00",homeowner,Ratnapura,9700,-1
264,2152,1,"Rs. 22,490.00",construction_site_owenr,Polonnaruwa,22490,-1
277,2483,1,"Rs. 15,713.00",homeowner,Aluthgama,15713,-1
751,4797,1,"Rs. 8,925.00",homeowner,Batticaloa,8925,-1
372,5822,1,"Rs. 9,160.00",construction_site_owenr,Koggala,9160,-1
794,9664,1,"Rs. 15,750.00",construction_site_owenr,Point Pedro,15750,-1
240,3236,1,"Rs. 29,757.00",homeowner,Hatton,29757,-1
559,4677,1,"Rs. 12,990.00",broker,Ampara,12990,-1
277,2483,1,"Rs. 15,713.00",homeowner,Aluthgama,15713,-1
264,2152,1,"Rs. 22,490.00",construction_site_owenr,Polonnaruwa,22490,-1
267,849,1,"Rs. 15,713.00",broker,Elpitiya,15713,-1
240,551,1,"Rs. 29,757.00",homeowner,Haputale,29757,-1
552,9761,1,"Rs. 22,750.00",broker,Gampola,22750,-1
1155,8282,1,"Rs. 14,590.00",construction_site_owenr,Maharagama,14590,-1
48,6103,1,"Rs. 28,980.00",broker,Kegalle,28980,-1
267,849,1,"Rs. 15,713.00",broker,Elpitiya,15713,-1
48,6103,1,"Rs. 28,980.00",broker,Kegalle,28980,-1
267,849,1,"Rs. 15,713.00",broker,Elpitiya,15713,-1
91,4483,1,"Rs. 6,930.00",broker,Mount Lavinia,6930,-1
